\c bank_client;


GRANT CONNECT ON DATABASE bank_client TO readonly_user;
GRANT USAGE ON SCHEMA public TO readonly_user;
GRANT SELECT ON ALL TABLES IN SCHEMA public TO readonly_user;


CREATE TABLE google_ads (
    "Date" DATE,
    "Campaign" VARCHAR(255),
    "Ad_Group" VARCHAR(255),
    "Keyword" VARCHAR(255),
    "Spend" DECIMAL(10, 2),
    "Impressions" INTEGER,
    "Clicks" INTEGER,
    "Conversions" INTEGER,
    "Revenue" DECIMAL(10, 2)
);

CREATE TABLE meta (
    platform VARCHAR(255),
    date DATE,
    campaign VARCHAR(255),
    campaign_group VARCHAR(255),
    campaign_objective VARCHAR(255),
    adset VARCHAR(255),
    ad VARCHAR(255),
    ad_placement VARCHAR(255),
    ad_category VARCHAR(255),
    ad_video_length VARCHAR(50),
    impressions INTEGER,
    clicks INTEGER,
    spend DECIMAL(10, 2),
    landing_page_views INTEGER,
    link_clicks INTEGER,
    video_views_to_3_seconds INTEGER,
    video_plays INTEGER,
    video_views_to_25_percent INTEGER,
    video_views_to_50_percent INTEGER,
    video_views_to_75_percent INTEGER,
    video_views_to_100_percent INTEGER,
    purchase_revenue DECIMAL(10,2)
);

CREATE TABLE pr_coverage_tracker (
    client VARCHAR(255),
    date DATE,
    campaign_release VARCHAR(255),
    research VARCHAR(255),
    creative VARCHAR(255),
    url TEXT,
    publication VARCHAR(255),
    sector VARCHAR(255),
    citation BOOLEAN,
    followed_link BOOLEAN,
    no_follow_link BOOLEAN,
    domain_authority INTEGER,
    estimated_views INTEGER,
    tier VARCHAR(50),
    syndicated BOOLEAN,
    brand VARCHAR(255),
    month INTEGER,
    week INTEGER
);

INSERT INTO google_ads ("Date", "Campaign", "Ad_Group", "Keyword", "Spend", "Impressions", "Clicks", "Conversions", "Revenue") VALUES
('2025-08-01', 'A Bank - Mortgages - UK', 'First-Time Buyer Mortgages', '95% ltv mortgage deals', 125.50, 8520, 410, 5, 5250.00),
('2025-08-02', 'A Bank - Savings - Brand', 'High-Interest Savings', 'a bank savings account', 80.20, 15030, 950, 25, 2500.00),
('2025-08-03', 'A Bank - Credit Cards - Prospecting', '0% Purchase Cards', 'credit cards 0 interest', 210.00, 12050, 620, 12, 4800.00),
('2025-08-04', 'A Bank - Mortgages - UK', 'Remortgage Deals', 'best remortgage rates', 150.75, 9500, 480, 7, 7350.00),
('2025-08-05', 'A Bank - Business Banking', 'Small Business Loans', 'business startup loan', 300.50, 11000, 550, 4, 12000.00),
('2025-08-06', 'A Bank - Savings - Brand', 'Easy Access ISA', 'cash isa rates', 95.00, 18000, 1100, 30, 3000.00),
('2025-08-07', 'A Bank - Credit Cards - Prospecting', 'Balance Transfer Cards', 'balance transfer credit card offers', 250.80, 14000, 700, 15, 6000.00),
('2025-08-08', 'A Bank - Mortgages - UK', 'First-Time Buyer Mortgages', 'help to buy mortgage', 130.25, 8900, 430, 6, 6300.00),
('2025-08-11', 'A Bank - Savings - Brand', 'Fixed Rate Bonds', '1 year fixed rate bond', 110.40, 16500, 1000, 28, 2800.00),
('2025-08-12', 'A Bank - Business Banking', 'Business Current Account', 'open business bank account online', 220.00, 9800, 490, 8, 800.00),
('2025-08-13', 'A Bank - Mortgages - UK', 'Remortgage Deals', 'remortgage my house', 155.60, 9700, 495, 8, 8400.00),
('2025-08-14', 'A Bank - Credit Cards - Prospecting', 'Rewards Credit Cards', 'best rewards credit card uk', 180.90, 13500, 680, 14, 5600.00),
('2025-08-15', 'A Bank - Savings - Brand', 'High-Interest Savings', 'best savings rates', 85.30, 15500, 980, 27, 2700.00),
('2025-08-18', 'A Bank - Mortgages - UK', 'First-Time Buyer Mortgages', 'mortgage for first time buyer', 128.00, 8700, 420, 5, 5250.00),
('2025-08-19', 'A Bank - Business Banking', 'Small Business Loans', 'small business finance', 310.00, 11500, 570, 5, 15000.00),
('2025-09-01', 'A Bank - Credit Cards - Prospecting', '0% Purchase Cards', 'interest free credit card', 215.50, 12300, 630, 13, 5200.00),
('2025-09-02', 'A Bank - Savings - Brand', 'Easy Access ISA', 'best cash isa', 98.70, 18500, 1150, 32, 3200.00),
('2025-09-03', 'A Bank - Mortgages - UK', 'Remortgage Deals', 'compare remortgage deals', 160.00, 9900, 510, 9, 9450.00),
('2025-09-04', 'A Bank - Credit Cards - Prospecting', 'Balance Transfer Cards', '0 balance transfer', 255.40, 14300, 710, 16, 6400.00),
('2025-09-05', 'A Bank - Savings - Brand', 'Fixed Rate Bonds', 'best fixed rate bonds uk', 115.00, 17000, 1050, 29, 2900.00),
('2025-09-08', 'A Bank - Mortgages - UK', 'First-Time Buyer Mortgages', 'government first time buyer scheme', 132.80, 9100, 440, 7, 7350.00),
('2025-09-09', 'A Bank - Business Banking', 'Business Current Account', 'a bank business account', 225.00, 10000, 500, 9, 900.00),
('2025-09-10', 'A Bank - Credit Cards - Prospecting', 'Rewards Credit Cards', 'credit card with points', 185.50, 13800, 690, 15, 6000.00),
('2025-09-11', 'A Bank - Savings - Brand', 'High-Interest Savings', 'top savings accounts', 88.00, 15800, 990, 28, 2800.00),
('2025-09-12', 'A Bank - Mortgages - UK', 'Remortgage Deals', 'lower mortgage payment', 165.20, 10100, 520, 10, 10500.00),
('2025-09-15', 'A Bank - Business Banking', 'Small Business Loans', 'how to get a business loan', 315.75, 11800, 580, 6, 18000.00),
('2025-09-16', 'A Bank - Credit Cards - Prospecting', '0% Purchase Cards', 'new credit card 0 interest', 220.00, 12600, 640, 14, 5600.00),
('2025-09-17', 'A Bank - Savings - Brand', 'Easy Access ISA', 'instant access isa', 101.50, 18800, 1180, 33, 3300.00),
('2025-09-18', 'A Bank - Mortgages - UK', 'First-Time Buyer Mortgages', 'best mortgage for bad credit', 140.00, 9300, 450, 4, 4200.00),
('2025-09-19', 'A Bank - Credit Cards - Prospecting', 'Balance Transfer Cards', 'credit card balance transfer deals', 260.00, 14600, 720, 17, 6800.00),
('2025-10-01', 'A Bank - Savings - Brand', 'Fixed Rate Bonds', 'compare fixed rate bonds', 118.90, 17300, 1080, 30, 3000.00),
('2025-10-02', 'A Bank - Mortgages - UK', 'Remortgage Deals', 'halifax remortgage rates', 170.10, 10300, 530, 11, 11550.00),
('2025-10-03', 'A Bank - Business Banking', 'Business Current Account', 'free business banking', 230.50, 10200, 510, 10, 1000.00),
('2025-10-06', 'A Bank - Credit Cards - Prospecting', 'Rewards Credit Cards', 'airline miles credit card', 190.25, 14100, 700, 16, 6400.00),
('2025-10-07', 'A Bank - Savings - Brand', 'High-Interest Savings', 'a bank interest rates', 90.50, 16100, 1010, 29, 2900.00),
('2025-10-08', 'A Bank - Mortgages - UK', 'First-Time Buyer Mortgages', 'shared ownership mortgage', 135.40, 9200, 445, 6, 6300.00),
('2025-10-09', 'A Bank - Business Banking', 'Small Business Loans', 'unsecured business loan', 320.00, 12100, 590, 7, 21000.00),
('2025-10-10', 'A Bank - Credit Cards - Prospecting', '0% Purchase Cards', 'long interest free credit card', 225.80, 12900, 650, 15, 6000.00),
('2025-10-13', 'A Bank - Savings - Brand', 'Easy Access ISA', 'variable rate isa', 103.00, 19100, 1200, 34, 3400.00),
('2025-10-14', 'A Bank - Mortgages - UK', 'Remortgage Deals', 'should i remortgage', 175.00, 10500, 540, 12, 12600.00),
('2025-10-15', 'A Bank - Credit Cards - Prospecting', 'Balance Transfer Cards', 'best 0 balance transfer card', 265.50, 14900, 730, 18, 7200.00),
('2025-10-16', 'A Bank - Savings - Brand', 'Fixed Rate Bonds', '2 year fixed rate bond', 121.30, 17600, 1100, 31, 3100.00),
('2025-10-17', 'A Bank - Mortgages - UK', 'First-Time Buyer Mortgages', 'deposit for mortgage', 138.00, 9400, 455, 7, 7350.00),
('2025-10-20', 'A Bank - Business Banking', 'Business Current Account', 'compare business bank accounts', 235.00, 10400, 520, 11, 1100.00),
('2025-10-21', 'A Bank - Credit Cards - Prospecting', 'Rewards Credit Cards', 'cash back credit card', 195.00, 14400, 710, 17, 6800.00),
('2025-11-03', 'A Bank - Savings - Brand', 'High-Interest Savings', 'online savings account', 92.80, 16400, 1030, 30, 3000.00),
('2025-11-04', 'A Bank - Mortgages - UK', 'Remortgage Deals', 'hsbc remortgage', 180.25, 10700, 550, 13, 13650.00),
('2025-11-05', 'A Bank - Business Banking', 'Small Business Loans', 'government business loan scheme', 325.40, 12400, 600, 8, 24000.00),
('2025-11-06', 'A Bank - Credit Cards - Prospecting', '0% Purchase Cards', 'credit card for large purchase', 230.00, 13200, 660, 16, 6400.00),
('2025-11-07', 'A Bank - Insurance - Travel', 'Annual Multi-Trip', 'annual travel insurance uk', 75.00, 8500, 300, 10, 1500.00),
('2025-11-10', 'A Bank - Loans - Personal', 'Debt Consolidation', 'debt consolidation loan bad credit', 150.00, 7500, 250, 5, 5000.00),
('2025-11-11', 'A Bank - Insurance - Home', 'Buildings & Contents', 'combined home insurance quote', 110.00, 9500, 400, 8, 2400.00),
('2025-11-12', 'A Bank - Investments - Stocks & Shares', 'ISA Investment', 'stocks and shares isa platform', 200.00, 15000, 500, 7, 7000.00),
('2025-11-13', 'A Bank - Loans - Car', 'Used Car Finance', 'used car loan rates', 130.00, 11000, 450, 9, 4500.00),
('2025-11-14', 'A Bank - Insurance - Pet', 'Lifetime Cover', 'pet insurance for dogs', 60.00, 12000, 600, 20, 1200.00),
('2025-11-17', 'A Bank - Investments - Robo-adviser', 'Digital Investing', 'robo advisor uk', 180.00, 13000, 480, 6, 6000.00),
('2025-11-18', 'A Bank - Loans - Personal', 'Home Improvement', 'home improvement loan rates', 160.00, 8000, 280, 4, 8000.00),
('2025-11-19', 'A Bank - Insurance - Life', 'Level Term Assurance', 'life insurance quote uk', 90.00, 10000, 350, 5, 2500.00),
('2025-11-20', 'A Bank - Investments - Ethical', 'Sustainable Funds', 'ethical investment funds uk', 210.00, 14000, 520, 8, 8000.00);

INSERT INTO meta (platform, date, campaign, campaign_group, campaign_objective, adset, ad, ad_placement, ad_category, ad_video_length, impressions, clicks, spend, landing_page_views, link_clicks, video_views_to_3_seconds, video_plays, video_views_to_25_percent, video_views_to_50_percent, video_views_to_75_percent, video_views_to_100_percent, purchase_revenue) VALUES
('Facebook', '2025-08-01', 'A Bank - Lead Gen - Mortgages Q3', 'Performance', 'Lead Generation', 'UK - 25-45 - Interested in Property', 'Video - First-Time Buyer Guide', 'Facebook_Desktop_Feed', 'CREDIT', '30s', 25000, 400, 150.00, 350, 380, 12000, 13000, 8000, 4000, 2000, 1000, 3000.00),
('Instagram', '2025-08-02', 'A Bank - Brand Awareness - Savings', 'Brand', 'Brand Awareness', 'UK - 18-35 - Lookalike Audience', 'Story Ad - New ISA Rate', 'Instagram_Stories', 'CREDIT', '15s', 55000, 250, 180.50, 0, 200, 35000, 38000, 25000, 15000, 8000, 4000, 0.00),
('Facebook', '2025-08-03', 'A Bank - Conversions - Credit Cards', 'Performance', 'Conversions', 'UK - 30-55 - Retargeting Website Visitors', 'Carousel - Card Benefits', 'Facebook_Mobile_Feed', 'CREDIT', 'N/A', 18000, 550, 200.20, 500, 520, 0, 0, 0, 0, 0, 0, 4500.50),
('Instagram', '2025-08-04', 'A Bank - Traffic - App Downloads', 'Acquisition', 'Traffic', 'UK - 22-40 - Interested in Fintech', 'Image Ad - Download Our App', 'Instagram_Feed', 'CREDIT', 'N/A', 40000, 800, 220.00, 750, 780, 0, 0, 0, 0, 0, 0, 0.00),
('Facebook', '2025-08-05', 'A Bank - Lead Gen - Mortgages Q3', 'Performance', 'Lead Generation', 'London - 30-50 - High Income', 'Lead Form - Remortgage Consultation', 'Facebook_Desktop_Feed', 'CREDIT', 'N/A', 22000, 350, 140.75, 300, 330, 0, 0, 0, 0, 0, 0, 2800.00),
('Instagram', '2025-08-06', 'A Bank - Video Views - Brand Story', 'Brand', 'Video Views', 'UK - All - Broad Targeting', 'Video - Our Commitment to Customers', 'Instagram_Reels', 'CREDIT', '60s', 80000, 300, 250.00, 50, 100, 50000, 55000, 35000, 20000, 10000, 5000, 0.00),
('Facebook', '2025-08-07', 'A Bank - Conversions - Credit Cards', 'Performance', 'Conversions', 'UK - 25-45 - Engaged Shoppers', 'Image Ad - 0% Purchases Offer', 'Facebook_Marketplace', 'CREDIT', 'N/A', 15000, 450, 180.00, 400, 420, 0, 0, 0, 0, 0, 0, 3600.00),
('Instagram', '2025-08-08', 'A Bank - Brand Awareness - Savings', 'Brand', 'Brand Awareness', 'UK - 25-55 - Finance Interest', 'Video Ad - Plan Your Future', 'Instagram_Feed', 'CREDIT', '15s', 60000, 280, 190.80, 0, 220, 40000, 42000, 30000, 18000, 10000, 6000, 0.00),
('Facebook', '2025-08-11', 'A Bank - Lead Gen - Mortgages Q3', 'Performance', 'Lead Generation', 'UK - 25-45 - Interested in Property', 'Video - First-Time Buyer Guide', 'Facebook_Mobile_Feed', 'CREDIT', '30s', 26000, 420, 155.00, 370, 400, 13000, 14000, 9000, 4500, 2200, 1100, 3100.00),
('Instagram', '2025-08-12', 'A Bank - Traffic - App Downloads', 'Acquisition', 'Traffic', 'UK - 22-40 - Lookalike App Users', 'Carousel Ad - App Features', 'Instagram_Stories', 'CREDIT', 'N/A', 42000, 850, 230.50, 800, 830, 0, 0, 0, 0, 0, 0, 0.00),
('Facebook', '2025-08-13', 'A Bank - Conversions - Credit Cards', 'Performance', 'Conversions', 'UK - 30-55 - Retargeting Website Visitors', 'Video - Cashback Explained', 'Facebook_Video_Feed', 'CREDIT', '20s', 20000, 600, 210.00, 550, 580, 11000, 12000, 8000, 5000, 3000, 1500, 4250.75),
('Instagram', '2025-08-14', 'A Bank - Brand Awareness - Savings', 'Brand', 'Brand Awareness', 'UK - 18-35 - Lookalike Audience', 'Story Ad - New ISA Rate', 'Instagram_Stories', 'CREDIT', '15s', 56000, 260, 185.00, 0, 210, 36000, 39000, 26000, 16000, 8500, 4200, 0.00),
('Facebook', '2025-08-15', 'A Bank - Lead Gen - Business Loans', 'Performance', 'Lead Generation', 'UK - Business Owners - 35-60', 'Lead Form - Business Loan Quote', 'Facebook_Desktop_Feed', 'CREDIT', 'N/A', 19000, 300, 160.25, 250, 280, 0, 0, 0, 0, 0, 0, 3200.00),
('Instagram', '2025-08-18', 'A Bank - Video Views - Brand Story', 'Brand', 'Video Views', 'UK - All - Broad Targeting', 'Video - Our Commitment to Customers', 'Instagram_Feed', 'CREDIT', '60s', 82000, 310, 255.50, 60, 110, 51000, 56000, 36000, 21000, 11000, 5500, 0.00),
('Facebook', '2025-08-19', 'A Bank - Conversions - Credit Cards', 'Performance', 'Conversions', 'UK - 25-45 - Engaged Shoppers', 'Image Ad - 0% Purchases Offer', 'Facebook_Mobile_Feed', 'CREDIT', 'N/A', 16000, 460, 185.70, 410, 430, 0, 0, 0, 0, 0, 0, 3700.00),
('Instagram', '2025-09-01', 'A Bank - Traffic - App Downloads', 'Acquisition', 'Traffic', 'UK - 22-40 - Interested in Fintech', 'Image Ad - Download Our App', 'Instagram_Stories', 'CREDIT', 'N/A', 41000, 820, 225.00, 770, 800, 0, 0, 0, 0, 0, 0, 0.00),
('Facebook', '2025-09-02', 'A Bank - Lead Gen - Mortgages Q3', 'Performance', 'Lead Generation', 'London - 30-50 - High Income', 'Lead Form - Remortgage Consultation', 'Facebook_Mobile_Feed', 'CREDIT', 'N/A', 23000, 360, 145.00, 310, 340, 0, 0, 0, 0, 0, 0, 2900.00),
('Instagram', '2025-09-03', 'A Bank - Brand Awareness - Savings', 'Brand', 'Brand Awareness', 'UK - 25-55 - Finance Interest', 'Video Ad - Plan Your Future', 'Instagram_Reels', 'CREDIT', '15s', 62000, 290, 195.00, 0, 230, 42000, 44000, 32000, 20000, 11000, 7000, 0.00),
('Facebook', '2025-09-04', 'A Bank - Conversions - Credit Cards', 'Performance', 'Conversions', 'UK - 30-55 - Retargeting Website Visitors', 'Carousel - Card Benefits', 'Facebook_Desktop_Feed', 'CREDIT', 'N/A', 18500, 560, 205.80, 510, 530, 0, 0, 0, 0, 0, 0, 4100.00),
('Instagram', '2025-09-05', 'A Bank - Video Views - Brand Story', 'Brand', 'Video Views', 'UK - All - Broad Targeting', 'Video - Community Impact', 'Instagram_Feed', 'CREDIT', '45s', 75000, 280, 240.00, 40, 90, 48000, 52000, 33000, 18000, 9000, 4500, 0.00),
('Facebook', '2025-09-08', 'A Bank - Lead Gen - Business Loans', 'Performance', 'Lead Generation', 'UK - Small Business Pages Admins', 'Video - SME Success Story', 'Facebook_Video_Feed', 'CREDIT', '45s', 21000, 320, 170.00, 270, 290, 10000, 11000, 7000, 4000, 2000, 1000, 3400.00),
('Instagram', '2025-09-09', 'A Bank - Traffic - App Downloads', 'Acquisition', 'Traffic', 'UK - 22-40 - Lookalike App Users', 'Carousel Ad - App Features', 'Instagram_Feed', 'CREDIT', 'N/A', 43000, 870, 235.00, 820, 850, 0, 0, 0, 0, 0, 0, 0.00),
('Facebook', '2025-09-10', 'A Bank - Conversions - Credit Cards', 'Performance', 'Conversions', 'UK - 25-45 - Engaged Shoppers', 'Video - Cashback Explained', 'Facebook_Mobile_Feed', 'CREDIT', '20s', 21000, 620, 215.50, 570, 600, 12000, 13000, 9000, 6000, 3500, 1800, 4300.00),
('Instagram', '2025-09-11', 'A Bank - Brand Awareness - Savings', 'Brand', 'Brand Awareness', 'UK - 18-35 - Lookalike Audience', 'Story Ad - New ISA Rate', 'Instagram_Stories', 'CREDIT', '15s', 57000, 270, 188.20, 0, 220, 37000, 40000, 27000, 17000, 9000, 4500, 0.00),
('Facebook', '2025-09-12', 'A Bank - Lead Gen - Mortgages Q3', 'Performance', 'Lead Generation', 'UK - 25-45 - Interested in Property', 'Lead Form - Mortgage Calculator', 'Facebook_Desktop_Feed', 'CREDIT', 'N/A', 27000, 430, 160.00, 380, 410, 0, 0, 0, 0, 0, 0, 3200.00),
('Instagram', '2025-09-15', 'A Bank - Traffic - App Downloads', 'Acquisition', 'Traffic', 'UK - 22-40 - Interested in Fintech', 'Image Ad - Download Our App', 'Instagram_Feed', 'CREDIT', 'N/A', 42500, 840, 228.80, 790, 820, 0, 0, 0, 0, 0, 0, 0.00),
('Facebook', '2025-09-16', 'A Bank - Video Views - Brand Story', 'Brand', 'Video Views', 'UK - All - Broad Targeting', 'Video - Our Commitment to Customers', 'Facebook_Video_Feed', 'CREDIT', '60s', 85000, 320, 260.00, 70, 120, 53000, 58000, 38000, 23000, 12000, 6000, 0.00),
('Instagram', '2025-10-01', 'A Bank - Conversions - Credit Cards', 'Performance', 'Conversions', 'UK - 30-55 - Retargeting Website Visitors', 'Image Ad - 0% Purchases Offer', 'Instagram_Feed', 'CREDIT', 'N/A', 19000, 580, 210.40, 530, 560, 0, 0, 0, 0, 0, 0, 4200.00),
('Facebook', '2025-10-02', 'A Bank - Brand Awareness - Savings', 'Brand', 'Brand Awareness', 'UK - 25-55 - Finance Interest', 'Carousel - Savings Options', 'Facebook_Mobile_Feed', 'CREDIT', 'N/A', 63000, 300, 200.00, 0, 240, 0, 0, 0, 0, 0, 0, 0.00),
('Instagram', '2025-10-03', 'A Bank - Lead Gen - Business Loans', 'Performance', 'Lead Generation', 'UK - Business Owners - 35-60', 'Story Ad - Quick Business Finance', 'Instagram_Stories', 'CREDIT', '15s', 20000, 310, 165.90, 260, 280, 11000, 12500, 8000, 4000, 2000, 900, 3300.00),
('Facebook', '2025-10-06', 'A Bank - Traffic - App Downloads', 'Acquisition', 'Traffic', 'UK - 22-40 - Lookalike App Users', 'Video - App Demo', 'Facebook_Mobile_Feed', 'CREDIT', '25s', 44000, 880, 240.00, 830, 860, 25000, 28000, 18000, 12000, 7000, 3500, 0.00),
('Instagram', '2025-10-07', 'A Bank - Conversions - Credit Cards', 'Performance', 'Conversions', 'UK - 25-45 - Engaged Shoppers', 'Video - Cashback Explained', 'Instagram_Reels', 'CREDIT', '20s', 22000, 640, 220.00, 590, 620, 14000, 15000, 10000, 7000, 4000, 2000, 4400.00),
('Facebook', '2025-10-08', 'A Bank - Lead Gen - Mortgages Q4', 'Performance', 'Lead Generation', 'London - 30-50 - High Income', 'Video - First-Time Buyer Guide', 'Facebook_Video_Feed', 'CREDIT', '30s', 24000, 370, 150.20, 320, 350, 12500, 13500, 8500, 4200, 2100, 1050, 3000.00),
('Instagram', '2025-10-09', 'A Bank - Brand Awareness - Savings', 'Brand', 'Brand Awareness', 'UK - 18-35 - Lookalike Audience', 'Video Ad - Plan Your Future', 'Instagram_Feed', 'CREDIT', '15s', 58000, 280, 192.00, 0, 230, 38000, 41000, 28000, 18000, 9500, 4800, 0.00),
('Facebook', '2025-10-10', 'A Bank - Video Views - Brand Story', 'Brand', 'Video Views', 'UK - All - Broad Targeting', 'Video - Community Impact', 'Facebook_Video_Feed', 'CREDIT', '45s', 78000, 290, 245.80, 50, 100, 49000, 54000, 34000, 19000, 9500, 4800, 0.00),
('Instagram', '2025-10-13', 'A Bank - Traffic - App Downloads', 'Acquisition', 'Traffic', 'UK - 22-40 - Interested in Fintech', 'Carousel Ad - App Features', 'Instagram_Feed', 'CREDIT', 'N/A', 43500, 860, 233.00, 810, 840, 0, 0, 0, 0, 0, 0, 0.00),
('Facebook', '2025-10-14', 'A Bank - Conversions - Credit Cards', 'Performance', 'Conversions', 'UK - 30-55 - Retargeting Website Visitors', 'Carousel - Card Benefits', 'Facebook_Mobile_Feed', 'CREDIT', 'N/A', 19500, 590, 215.00, 540, 570, 0, 0, 0, 0, 0, 0, 4300.00),
('Instagram', '2025-10-15', 'A Bank - Lead Gen - Business Loans', 'Performance', 'Lead Generation', 'UK - Small Business Pages Admins', 'Image Ad - Get Funding', 'Instagram_Feed', 'CREDIT', 'N/A', 22000, 330, 175.40, 280, 300, 0, 0, 0, 0, 0, 0, 3500.00),
('Facebook', '2025-10-16', 'A Bank - Brand Awareness - Savings', 'Brand', 'Brand Awareness', 'UK - 25-55 - Finance Interest', 'Video Ad - Plan Your Future', 'Facebook_Video_Feed', 'CREDIT', '15s', 65000, 310, 205.60, 0, 250, 43000, 45000, 33000, 21000, 12000, 8000, 0.00),
('Instagram', '2025-10-17', 'A Bank - Video Views - Brand Story', 'Brand', 'Video Views', 'UK - All - Broad Targeting', 'Video - Our Commitment to Customers', 'Instagram_Reels', 'CREDIT', '60s', 88000, 330, 265.00, 80, 130, 55000, 60000, 40000, 25000, 13000, 6500, 0.00),
('Facebook', '2025-11-03', 'A Bank - Lead Gen - Mortgages Q4', 'Performance', 'Lead Generation', 'UK - 25-45 - Interested in Property', 'Lead Form - Mortgage Calculator', 'Facebook_Mobile_Feed', 'CREDIT', 'N/A', 28000, 440, 165.00, 390, 420, 0, 0, 0, 0, 0, 0, 3300.00),
('Instagram', '2025-11-04', 'A Bank - Conversions - Credit Cards', 'Performance', 'Conversions', 'UK - 25-45 - Engaged Shoppers', 'Image Ad - 0% Purchases Offer', 'Instagram_Stories', 'CREDIT', 'N/A', 23000, 660, 225.25, 610, 640, 0, 0, 0, 0, 0, 0, 4500.00),
('Facebook', '2025-11-05', 'A Bank - Traffic - App Downloads', 'Acquisition', 'Traffic', 'UK - 22-40 - Lookalike App Users', 'Image Ad - Download Our App', 'Facebook_Desktop_Feed', 'CREDIT', 'N/A', 45000, 900, 245.00, 850, 880, 0, 0, 0, 0, 0, 0, 0.00),
('Instagram', '2025-11-06', 'A Bank - Brand Awareness - Savings', 'Brand', 'Brand Awareness', 'UK - 18-35 - Lookalike Audience', 'Carousel - Savings Options', 'Instagram_Feed', 'CREDIT', 'N/A', 59000, 290, 195.80, 0, 240, 0, 0, 0, 0, 0, 0, 0.00),
('Facebook', '2025-11-07', 'A Bank - Conversions - Credit Cards', 'Performance', 'Conversions', 'UK - 30-55 - Retargeting Website Visitors', 'Video - Cashback Explained', 'Facebook_Video_Feed', 'CREDIT', '20s', 20500, 610, 218.00, 560, 590, 11500, 12500, 8500, 5500, 3200, 1600, 4350.00),
('Instagram', '2025-11-10', 'A Bank - Lead Gen - Mortgages Q4', 'Performance', 'Lead Generation', 'London - 30-50 - High Income', 'Story Ad - Get a Mortgage Quote', 'Instagram_Stories', 'CREDIT', '15s', 25000, 380, 155.00, 330, 360, 15000, 16000, 11000, 7000, 4000, 2000, 3100.00),
('Facebook', '2025-11-11', 'A Bank - Video Views - Brand Story', 'Brand', 'Video Views', 'UK - All - Broad Targeting', 'Video - Community Impact', 'Facebook_Video_Feed', 'CREDIT', '45s', 80000, 300, 250.00, 60, 110, 50000, 55000, 35000, 20000, 10000, 5000, 0.00),
('Instagram', '2025-11-12', 'A Bank - Traffic - App Downloads', 'Acquisition', 'Traffic', 'UK - 22-40 - Interested in Fintech', 'Video - App Demo', 'Instagram_Reels', 'CREDIT', '25s', 46000, 920, 250.75, 870, 900, 28000, 30000, 20000, 14000, 8000, 4000, 0.00),
('Facebook', '2025-11-13', 'A Bank - Brand Awareness - Savings', 'Brand', 'Brand Awareness', 'UK - 25-55 - Finance Interest', 'Image Ad - New ISA Rate', 'Facebook_Mobile_Feed', 'CREDIT', 'N/A', 66000, 320, 210.00, 0, 260, 0, 0, 0, 0, 0, 0, 0.00),
('Facebook', '2025-11-14', 'A Bank - Lead Gen - Insurance', 'Performance', 'Lead Generation', 'UK - 30-60 - Homeowners', 'Lead Form - Home Insurance Quote', 'Facebook_Desktop_Feed', 'INSURANCE', 'N/A', 18000, 280, 150.00, 240, 260, 0, 0, 0, 0, 0, 0, 3000.00),
('Instagram', '2025-11-17', 'A Bank - Conversions - Loans', 'Performance', 'Conversions', 'UK - 25-50 - Car Enthusiasts', 'Video Ad - Car Loan Rates', 'Instagram_Feed', 'CREDIT', '15s', 35000, 550, 190.00, 500, 520, 25000, 28000, 18000, 12000, 8000, 4000, 3800.00),
('Facebook', '2025-11-18', 'A Bank - Brand Awareness - Investments', 'Brand', 'Brand Awareness', 'UK - High Net Worth Individuals', 'Carousel - Investment Portfolio', 'Facebook_Mobile_Feed', 'INVESTMENTS', 'N/A', 50000, 400, 220.00, 350, 380, 0, 0, 0, 0, 0, 0, 0.00),
('Instagram', '2025-11-19', 'A Bank - Traffic - Website', 'Acquisition', 'Traffic', 'UK - 18-30 - Students', 'Story Ad - Student Bank Accounts', 'Instagram_Stories', 'CREDIT', 'N/A', 70000, 1200, 280.00, 1100, 1150, 0, 0, 0, 0, 0, 0, 0.00),
('Facebook', '2025-11-20', 'A Bank - Lead Gen - Pensions', 'Performance', 'Lead Generation', 'UK - 45-65 - Nearing Retirement', 'Lead Form - Pension Review', 'Facebook_Desktop_Feed', 'PENSIONS', 'N/A', 25000, 350, 180.00, 300, 320, 0, 0, 0, 0, 0, 0, 3600.00);



INSERT INTO pr_coverage_tracker (client, date, campaign_release, research, creative, url, publication, sector, citation, followed_link, no_follow_link, domain_authority, estimated_views, tier, syndicated, brand, month, week) VALUES
('A Bank', '2025-08-05', 'Q3 Digital Banking Report', 'UK Mobile Banking Adoption', 'Press Release', 'https://www.ft.com/content/a-bank-digital-banking-q3-2025', 'Financial Times', 'Finance', TRUE, FALSE, TRUE, 95, 260000, 'Tier 1', FALSE, 'A Bank', 8, 32),
('A Bank', '2025-08-06', 'Q3 Digital Banking Report', 'UK Mobile Banking Adoption', 'Infographic', 'https://www.theguardian.com/money/2025/aug/06/uk-mobile-banking-surges', 'The Guardian', 'Personal Finance', TRUE, TRUE, FALSE, 93, 310000, 'Tier 1', FALSE, 'A Bank', 8, 32),
('A Bank', '2025-08-07', 'Student Account Campaign', 'Student Finance Survey', 'Case Study', 'https://www.moneysavingexpert.com/news/2025/08/a-bank-launches-student-offer/', 'MoneySavingExpert', 'Personal Finance', TRUE, TRUE, FALSE, 88, 520000, 'Tier 1', FALSE, 'A Bank', 8, 32),
('A Bank', '2025-08-08', 'Q3 Digital Banking Report', 'UK Mobile Banking Adoption', 'Press Release', 'https://www.thisismoney.co.uk/money/saving/article-54321/a-bank-report.html', 'This is Money', 'Saving', TRUE, TRUE, FALSE, 85, 160000, 'Tier 2', TRUE, 'A Bank', 8, 32),
('A Bank', '2025-08-11', 'Green Initiatives Partnership', 'Environmental Impact Program', 'Press Release', 'https://www.forbes.com/sites/startup/2025/08/11/a-bank-partners-with-eco-charity/', 'Forbes', 'Business', FALSE, FALSE, TRUE, 94, 190000, 'Tier 1', FALSE, 'A Bank', 8, 33),
('A Bank', '2025-08-12', 'SME Support Fund Launch', 'Small Business Resilience', 'Feature Roundup', 'https://techcrunch.com/2025/08/12/a-bank-announces-sme-fund/', 'TechCrunch', 'Technology', FALSE, TRUE, FALSE, 92, 130000, 'Tier 1', FALSE, 'A Bank', 8, 33),
('A Bank', '2025-08-13', 'Student Account Campaign', 'Student Finance Survey', 'Expert Opinion', 'https://www.lovemoney.com/news/101011/expert-view-on-a-bank-student-account', 'LoveMONEY', 'Student Finance', TRUE, TRUE, FALSE, 75, 55000, 'Tier 2', FALSE, 'A Bank', 8, 33),
('A Bank', '2025-09-01', 'Q3 Digital Banking Report', 'UK Mobile Banking Adoption', 'Data Point', 'https://www.cityam.com/manchester-mobile-banking-habits-revealed-by-a-bank/', 'City A.M.', 'Finance', TRUE, FALSE, TRUE, 82, 65000, 'Tier 2', FALSE, 'A Bank', 9, 36),
('A Bank', '2025-09-03', 'New Investment Platform', 'Retail Investor Trends', 'Product Launch', 'https://www.business-live.co.uk/enterprise/a-bank-targets-retail-investors-345678', 'Business Live', 'Business', TRUE, TRUE, FALSE, 78, 45000, 'Tier 3', FALSE, 'A Bank', 9, 36),
('A Bank', '2025-09-05', 'Green Initiatives Partnership', 'Environmental Impact Program', 'Interview', 'https://www.thirdsector.co.uk/a-bank-ceo-discusses-green-partnership/article/176544', 'Third Sector', 'Charity', TRUE, FALSE, TRUE, 71, 18000, 'Tier 3', FALSE, 'A Bank', 9, 36),
('A Bank', '2025-09-08', 'Student Account Campaign', 'Student Finance Survey', 'Case Study', 'https://www.which.co.uk/news/2025/09/could-a-banks-new-student-account-help-you/', 'Which?', 'Personal Finance', TRUE, TRUE, FALSE, 89, 230000, 'Tier 1', FALSE, 'A Bank', 9, 37),
('A Bank', '2025-09-10', 'Q3 Digital Banking Report', 'UK Mobile Banking Adoption', 'Press Release', 'https://finance.yahoo.com/news/a-bank-report-shows-rise-in-digital-wallets-120000891.html', 'Yahoo Finance', 'Finance', TRUE, FALSE, TRUE, 91, 420000, 'Tier 1', TRUE, 'A Bank', 9, 37),
('A Bank', '2025-09-12', 'SME Support Fund Launch', 'Small Business Resilience', 'Review', 'https://www.finextra.com/newsarticle/39877/a-bank-launches-sme-support-fund-and-resources', 'Finextra', 'Banking Tech', TRUE, TRUE, FALSE, 80, 35000, 'Tier 2', FALSE, 'A Bank', 9, 37),
('A Bank', '2025-09-15', 'New Investment Platform', 'Retail Investor Trends', 'Press Release', 'https://smallbusiness.co.uk/a-bank-launches-new-investment-platform-for-beginners-2561235/', 'SmallBusiness.co.uk', 'Business', TRUE, TRUE, FALSE, 77, 40000, 'Tier 3', FALSE, 'A Bank', 9, 38),
('A Bank', '2025-10-02', 'Green Initiatives Partnership', 'Environmental Impact Program', 'News Snippet', 'https://www.civilsociety.co.uk/news/a-bank-announces-tree-planting-initiative.html', 'Civil Society', 'Charity', FALSE, FALSE, TRUE, 68, 12000, 'Tier 3', FALSE, 'A Bank', 10, 40),
('A Bank', '2025-10-04', 'Student Account Campaign', 'Student Finance Survey', 'Infographic', 'https://www.propertyreporter.co.uk/finance/a-banks-student-overdraft-options.html', 'Property Reporter', 'Student Finance', TRUE, TRUE, FALSE, 73, 25000, 'Tier 3', FALSE, 'A Bank', 10, 40),
('A Bank', '2025-10-06', 'Q3 Digital Banking Report', 'UK Mobile Banking Adoption', 'Expert Comment', 'https://www.thetimes.co.uk/article/how-to-manage-your-money-on-mobile-in-2025-efgh456', 'The Times', 'Finance', TRUE, FALSE, TRUE, 94, 290000, 'Tier 1', FALSE, 'A Bank', 10, 41),
('A Bank', '2025-10-08', 'SME Support Fund Launch', 'Small Business Resilience', 'Mention', 'https://www.wired.co.uk/article/best-business-banking-2025', 'Wired UK', 'Technology', FALSE, FALSE, TRUE, 90, 95000, 'Tier 1', FALSE, 'A Bank', 10, 41),
('A Bank', '2025-10-10', 'New Investment Platform', 'Retail Investor Trends', 'Article', 'https://www.startupbritain.org/news/new-investment-options-from-a-bank', 'StartUp Britain', 'Business', TRUE, TRUE, FALSE, 65, 15000, 'Tier 3', FALSE, 'A Bank', 10, 41),
('A Bank', '2025-10-13', 'Green Initiatives Partnership', 'Environmental Impact Program', 'Press Release', 'https://www.ukfundraising.co.uk/2025/10/13/a-bank-and-wildlife-trust-partner-up/', 'UK Fundraising', 'Charity', TRUE, TRUE, FALSE, 69, 10000, 'Tier 3', FALSE, 'A Bank', 10, 42),
('A Bank', '2025-11-03', 'Q4 Market Outlook', 'Economic Forecast 2026', 'Press Release', 'https://www.reuters.com/article/idUSKBN2AB2C2', 'Reuters', 'Finance', TRUE, FALSE, TRUE, 95, 380000, 'Tier 1', TRUE, 'A Bank', 11, 45),
('A Bank', '2025-11-05', 'Student Account Campaign', 'Student Finance Survey', 'Guide', 'https://www.whatmortgage.co.uk/feature/a-bank-explains-their-new-student-account-benefits/', 'What Mortgage', 'Student Finance', TRUE, TRUE, FALSE, 72, 20000, 'Tier 3', FALSE, 'A Bank', 11, 45),
('A Bank', '2025-11-06', 'SME Support Fund Launch', 'Small Business Resilience', 'News', 'https://www.bankingtech.com/2025/11/a-bank-rolls-out-mentorship-program-for-smes/', 'Banking Tech', 'Banking Tech', TRUE, FALSE, TRUE, 79, 25000, 'Tier 2', FALSE, 'A Bank', 11, 45),
('A Bank', '2025-11-07', 'New Investment Platform', 'Retail Investor Trends', 'Mention', 'https://www.growthbusiness.co.uk/where-to-invest-in-2026-2561236/', 'Growth Business', 'Business', FALSE, TRUE, FALSE, 74, 35000, 'Tier 3', FALSE, 'A Bank', 11, 45),
('A Bank', '2025-11-10', 'Q4 Market Outlook', 'Economic Forecast 2026', 'Data Feature', 'https://www.bloomberg.com/news/articles/2025-11-10/uk-economic-puzzles-in-2026-a-bank-data', 'Bloomberg', 'Finance', TRUE, FALSE, TRUE, 95, 480000, 'Tier 1', FALSE, 'A Bank', 11, 46),
('A Bank', '2025-11-12', 'Green Initiatives Partnership', 'Environmental Impact Program', 'Blog Post', 'https://www.charitytoday.co.uk/a-bank-pledges-support-for-renewable-energy/', 'Charity Today', 'Charity', TRUE, TRUE, FALSE, 64, 7000, 'Tier 3', FALSE, 'A Bank', 11, 46),
('A Bank', '2025-11-14', 'First-Time Buyer Support Initiative', 'First-Time Buyer Challenges', 'News', 'https://www.mortgagestrategy.co.uk/news/a-bank-updates-ftb-offering/', 'Mortgage Strategy', 'Property', TRUE, FALSE, TRUE, 76, 30000, 'Tier 2', FALSE, 'A Bank', 11, 46),
('A Bank', '2025-11-17', 'SME Support Fund Launch', 'Small Business Resilience', 'Blog Post', 'https://www.thefintechtimes.com/a-bank-focuses-on-sme-growth-in-latest-initiative/', 'The Fintech Times', 'Banking Tech', TRUE, TRUE, FALSE, 70, 18000, 'Tier 3', FALSE, 'A Bank', 11, 47),
('A Bank', '2025-11-19', 'New Investment Platform', 'Retail Investor Trends', 'News', 'https://www.prolificnorth.co.uk/news/leeds-investors-get-new-platform-from-a-bank/', 'Prolific North', 'Regional Business', TRUE, TRUE, FALSE, 67, 12000, 'Tier 3', FALSE, 'A Bank', 11, 47),
('A Bank', '2025-11-21', 'Q4 Market Outlook', 'Economic Forecast 2026', 'Mention', 'https://www.dailymail.co.uk/money/index.html', 'Daily Mail Money', 'Personal Finance', FALSE, FALSE, TRUE, 92, 340000, 'Tier 1', TRUE, 'A Bank', 11, 47),
('A Bank', '2025-11-24', 'Green Initiatives Partnership', 'Environmental Impact Program', 'News', 'https://www.business-charity.com/news/a-bank-and-clean-ocean-charity-join-forces', 'Business and Charity', 'Charity', TRUE, TRUE, FALSE, 62, 6000, 'Tier 3', FALSE, 'A Bank', 11, 48),
('A Bank', '2025-11-26', 'First-Time Buyer Support Initiative', 'First-Time Buyer Challenges', 'News', 'https://www.yourmoney.com/mortgages/a-bank-launches-new-remortgage-deal/', 'YourMoney.com', 'Personal Finance', TRUE, TRUE, FALSE, 78, 85000, 'Tier 2', FALSE, 'A Bank', 11, 48),
('A Bank', '2025-11-28', 'Fintech App Update', 'Mobile Banking Trends', 'News', 'https://www.mobilemarketingmagazine.com/a-bank-sees-record-app-downloads-in-q4', 'Mobile Marketing Magazine', 'Technology', TRUE, FALSE, TRUE, 68, 14000, 'Tier 3', FALSE, 'A Bank', 11, 48);



