\c bank_client;


GRANT CONNECT ON DATABASE bank_client TO readonly_user;
GRANT USAGE ON SCHEMA public TO readonly_user;
GRANT SELECT ON ALL TABLES IN SCHEMA public TO readonly_user;


CREATE TABLE google_ads (
    "Date" DATE,
    "Campaign" VARCHAR(255),
    "Ad_Group" VARCHAR(255),
    "Keyword" VARCHAR(255),
    "Spend" DECIMAL(10, 2),
    "Impressions" INTEGER,
    "Clicks" INTEGER,
    "Conversions" INTEGER,
    "Revenue" DECIMAL(10, 2)
);

CREATE TABLE meta (
    platform VARCHAR(255),
    date DATE,
    campaign VARCHAR(255),
    campaign_group VARCHAR(255),
    campaign_objective VARCHAR(255),
    adset VARCHAR(255),
    ad VARCHAR(255),
    ad_placement VARCHAR(255),
    ad_category VARCHAR(255),
    ad_video_length VARCHAR(50),
    impressions INTEGER,
    clicks INTEGER,
    spend DECIMAL(10, 2),
    landing_page_views INTEGER,
    link_clicks INTEGER,
    video_views_to_3_seconds INTEGER,
    video_plays INTEGER,
    video_views_to_25_percent INTEGER,
    video_views_to_50_percent INTEGER,
    video_views_to_75_percent INTEGER,
    video_views_to_100_percent INTEGER
);

CREATE TABLE pr_coverage_tracker (
    client VARCHAR(255),
    date DATE,
    campaign_release VARCHAR(255),
    research VARCHAR(255),
    creative VARCHAR(255),
    url TEXT,
    publication VARCHAR(255),
    sector VARCHAR(255),
    citation BOOLEAN,
    followed_link BOOLEAN,
    no_follow_link BOOLEAN,
    domain_authority INTEGER,
    estimated_views INTEGER,
    tier VARCHAR(50),
    syndicated BOOLEAN,
    brand VARCHAR(255),
    month INTEGER,
    week INTEGER
);

INSERT INTO google_ads ("Date", "Campaign", "Ad_Group", "Keyword", "Spend", "Impressions", "Clicks", "Conversions", "Revenue") VALUES
('2025-01-15', 'A Bank - Mortgages - UK', 'First-Time Buyer Mortgages', '95% ltv mortgage deals', 125.50, 8520, 410, 5, 5250.00),
('2025-01-16', 'A Bank - Savings - Brand', 'High-Interest Savings', 'a bank savings account', 80.20, 15030, 950, 25, 2500.00),
('2025-01-17', 'A Bank - Credit Cards - Prospecting', '0% Purchase Cards', 'credit cards 0 interest', 210.00, 12050, 620, 12, 4800.00),
('2025-01-18', 'A Bank - Mortgages - UK', 'Remortgage Deals', 'best remortgage rates', 150.75, 9500, 480, 7, 7350.00),
('2025-01-19', 'A Bank - Business Banking', 'Small Business Loans', 'business startup loan', 300.50, 11000, 550, 4, 12000.00),
('2025-01-20', 'A Bank - Savings - Brand', 'Easy Access ISA', 'cash isa rates', 95.00, 18000, 1100, 30, 3000.00),
('2025-01-21', 'A Bank - Credit Cards - Prospecting', 'Balance Transfer Cards', 'balance transfer credit card offers', 250.80, 14000, 700, 15, 6000.00),
('2025-01-22', 'A Bank - Mortgages - UK', 'First-Time Buyer Mortgages', 'help to buy mortgage', 130.25, 8900, 430, 6, 6300.00),
('2025-01-23', 'A Bank - Savings - Brand', 'Fixed Rate Bonds', '1 year fixed rate bond', 110.40, 16500, 1000, 28, 2800.00),
('2025-01-24', 'A Bank - Business Banking', 'Business Current Account', 'open business bank account online', 220.00, 9800, 490, 8, 800.00),
('2025-01-25', 'A Bank - Mortgages - UK', 'Remortgage Deals', 'remortgage my house', 155.60, 9700, 495, 8, 8400.00),
('2025-01-26', 'A Bank - Credit Cards - Prospecting', 'Rewards Credit Cards', 'best rewards credit card uk', 180.90, 13500, 680, 14, 5600.00),
('2025-01-27', 'A Bank - Savings - Brand', 'High-Interest Savings', 'best savings rates', 85.30, 15500, 980, 27, 2700.00),
('2025-01-28', 'A Bank - Mortgages - UK', 'First-Time Buyer Mortgages', 'mortgage for first time buyer', 128.00, 8700, 420, 5, 5250.00),
('2025-01-29', 'A Bank - Business Banking', 'Small Business Loans', 'small business finance', 310.00, 11500, 570, 5, 15000.00),
('2025-01-30', 'A Bank - Credit Cards - Prospecting', '0% Purchase Cards', 'interest free credit card', 215.50, 12300, 630, 13, 5200.00),
('2025-01-31', 'A Bank - Savings - Brand', 'Easy Access ISA', 'best cash isa', 98.70, 18500, 1150, 32, 3200.00),
('2025-02-01', 'A Bank - Mortgages - UK', 'Remortgage Deals', 'compare remortgage deals', 160.00, 9900, 510, 9, 9450.00),
('2025-02-02', 'A Bank - Credit Cards - Prospecting', 'Balance Transfer Cards', '0 balance transfer', 255.40, 14300, 710, 16, 6400.00),
('2025-02-03', 'A Bank - Savings - Brand', 'Fixed Rate Bonds', 'best fixed rate bonds uk', 115.00, 17000, 1050, 29, 2900.00),
('2025-02-04', 'A Bank - Mortgages - UK', 'First-Time Buyer Mortgages', 'government first time buyer scheme', 132.80, 9100, 440, 7, 7350.00),
('2025-02-05', 'A Bank - Business Banking', 'Business Current Account', 'a bank business account', 225.00, 10000, 500, 9, 900.00),
('2025-02-06', 'A Bank - Credit Cards - Prospecting', 'Rewards Credit Cards', 'credit card with points', 185.50, 13800, 690, 15, 6000.00),
('2025-02-07', 'A Bank - Savings - Brand', 'High-Interest Savings', 'top savings accounts', 88.00, 15800, 990, 28, 2800.00),
('2025-02-08', 'A Bank - Mortgages - UK', 'Remortgage Deals', 'lower mortgage payment', 165.20, 10100, 520, 10, 10500.00),
('2025-02-09', 'A Bank - Business Banking', 'Small Business Loans', 'how to get a business loan', 315.75, 11800, 580, 6, 18000.00),
('2025-02-10', 'A Bank - Credit Cards - Prospecting', '0% Purchase Cards', 'new credit card 0 interest', 220.00, 12600, 640, 14, 5600.00),
('2025-02-11', 'A Bank - Savings - Brand', 'Easy Access ISA', 'instant access isa', 101.50, 18800, 1180, 33, 3300.00),
('2025-02-12', 'A Bank - Mortgages - UK', 'First-Time Buyer Mortgages', 'best mortgage for bad credit', 140.00, 9300, 450, 4, 4200.00),
('2025-02-13', 'A Bank - Credit Cards - Prospecting', 'Balance Transfer Cards', 'credit card balance transfer deals', 260.00, 14600, 720, 17, 6800.00),
('2025-02-14', 'A Bank - Savings - Brand', 'Fixed Rate Bonds', 'compare fixed rate bonds', 118.90, 17300, 1080, 30, 3000.00),
('2025-02-15', 'A Bank - Mortgages - UK', 'Remortgage Deals', 'halifax remortgage rates', 170.10, 10300, 530, 11, 11550.00),
('2025-02-16', 'A Bank - Business Banking', 'Business Current Account', 'free business banking', 230.50, 10200, 510, 10, 1000.00),
('2025-02-17', 'A Bank - Credit Cards - Prospecting', 'Rewards Credit Cards', 'airline miles credit card', 190.25, 14100, 700, 16, 6400.00),
('2025-02-18', 'A Bank - Savings - Brand', 'High-Interest Savings', 'a bank interest rates', 90.50, 16100, 1010, 29, 2900.00),
('2025-02-19', 'A Bank - Mortgages - UK', 'First-Time Buyer Mortgages', 'shared ownership mortgage', 135.40, 9200, 445, 6, 6300.00),
('2025-02-20', 'A Bank - Business Banking', 'Small Business Loans', 'unsecured business loan', 320.00, 12100, 590, 7, 21000.00),
('2025-02-21', 'A Bank - Credit Cards - Prospecting', '0% Purchase Cards', 'long interest free credit card', 225.80, 12900, 650, 15, 6000.00),
('2025-02-22', 'A Bank - Savings - Brand', 'Easy Access ISA', 'variable rate isa', 103.00, 19100, 1200, 34, 3400.00),
('2025-02-23', 'A Bank - Mortgages - UK', 'Remortgage Deals', 'should i remortgage', 175.00, 10500, 540, 12, 12600.00),
('2025-02-24', 'A Bank - Credit Cards - Prospecting', 'Balance Transfer Cards', 'best 0 balance transfer card', 265.50, 14900, 730, 18, 7200.00),
('2025-02-25', 'A Bank - Savings - Brand', 'Fixed Rate Bonds', '2 year fixed rate bond', 121.30, 17600, 1100, 31, 3100.00),
('2025-02-26', 'A Bank - Mortgages - UK', 'First-Time Buyer Mortgages', 'deposit for mortgage', 138.00, 9400, 455, 7, 7350.00),
('2025-02-27', 'A Bank - Business Banking', 'Business Current Account', 'compare business bank accounts', 235.00, 10400, 520, 11, 1100.00),
('2025-02-28', 'A Bank - Credit Cards - Prospecting', 'Rewards Credit Cards', 'cash back credit card', 195.00, 14400, 710, 17, 6800.00),
('2025-03-01', 'A Bank - Savings - Brand', 'High-Interest Savings', 'online savings account', 92.80, 16400, 1030, 30, 3000.00),
('2025-03-02', 'A Bank - Mortgages - UK', 'Remortgage Deals', 'hsbc remortgage', 180.25, 10700, 550, 13, 13650.00),
('2025-03-03', 'A Bank - Business Banking', 'Small Business Loans', 'government business loan scheme', 325.40, 12400, 600, 8, 24000.00),
('2025-03-04', 'A Bank - Credit Cards - Prospecting', '0% Purchase Cards', 'credit card for large purchase', 230.00, 13200, 660, 16, 6400.00);

INSERT INTO meta (platform, date, campaign, campaign_group, campaign_objective, adset, ad, ad_placement, ad_category, ad_video_length, impressions, clicks, spend, landing_page_views, link_clicks, video_views_to_3_seconds, video_plays, video_views_to_25_percent, video_views_to_50_percent, video_views_to_75_percent, video_views_to_100_percent) VALUES
('Facebook', '2025-01-15', 'A Bank - Lead Gen - Mortgages Q1', 'Performance', 'Lead Generation', 'UK - 25-45 - Interested in Property', 'Video - First-Time Buyer Guide', 'Facebook_Desktop_Feed', 'CREDIT', '30s', 25000, 400, 150.00, 350, 380, 12000, 13000, 8000, 4000, 2000, 1000),
('Instagram', '2025-01-16', 'A Bank - Brand Awareness - Savings', 'Brand', 'Brand Awareness', 'UK - 18-35 - Lookalike Audience', 'Story Ad - New ISA Rate', 'Instagram_Stories', 'CREDIT', '15s', 55000, 250, 180.50, 0, 200, 35000, 38000, 25000, 15000, 8000, 4000),
('Facebook', '2025-01-17', 'A Bank - Conversions - Credit Cards', 'Performance', 'Conversions', 'UK - 30-55 - Retargeting Website Visitors', 'Carousel - Card Benefits', 'Facebook_Mobile_Feed', 'CREDIT', 'N/A', 18000, 550, 200.20, 500, 520, 0, 0, 0, 0, 0, 0),
('Instagram', '2025-01-18', 'A Bank - Traffic - App Downloads', 'Acquisition', 'Traffic', 'UK - 22-40 - Interested in Fintech', 'Image Ad - Download Our App', 'Instagram_Feed', 'CREDIT', 'N/A', 40000, 800, 220.00, 750, 780, 0, 0, 0, 0, 0, 0),
('Facebook', '2025-01-19', 'A Bank - Lead Gen - Mortgages Q1', 'Performance', 'Lead Generation', 'London - 30-50 - High Income', 'Lead Form - Remortgage Consultation', 'Facebook_Desktop_Feed', 'CREDIT', 'N/A', 22000, 350, 140.75, 300, 330, 0, 0, 0, 0, 0, 0),
('Instagram', '2025-01-20', 'A Bank - Video Views - Brand Story', 'Brand', 'Video Views', 'UK - All - Broad Targeting', 'Video - Our Commitment to Customers', 'Instagram_Reels', 'CREDIT', '60s', 80000, 300, 250.00, 50, 100, 50000, 55000, 35000, 20000, 10000, 5000),
('Facebook', '2025-01-21', 'A Bank - Conversions - Credit Cards', 'Performance', 'Conversions', 'UK - 25-45 - Engaged Shoppers', 'Image Ad - 0% Purchases Offer', 'Facebook_Marketplace', 'CREDIT', 'N/A', 15000, 450, 180.00, 400, 420, 0, 0, 0, 0, 0, 0),
('Instagram', '2025-01-22', 'A Bank - Brand Awareness - Savings', 'Brand', 'Brand Awareness', 'UK - 25-55 - Finance Interest', 'Video Ad - Plan Your Future', 'Instagram_Feed', 'CREDIT', '15s', 60000, 280, 190.80, 0, 220, 40000, 42000, 30000, 18000, 10000, 6000),
('Facebook', '2025-01-23', 'A Bank - Lead Gen - Mortgages Q1', 'Performance', 'Lead Generation', 'UK - 25-45 - Interested in Property', 'Video - First-Time Buyer Guide', 'Facebook_Mobile_Feed', 'CREDIT', '30s', 26000, 420, 155.00, 370, 400, 13000, 14000, 9000, 4500, 2200, 1100),
('Instagram', '2025-01-24', 'A Bank - Traffic - App Downloads', 'Acquisition', 'Traffic', 'UK - 22-40 - Lookalike App Users', 'Carousel Ad - App Features', 'Instagram_Stories', 'CREDIT', 'N/A', 42000, 850, 230.50, 800, 830, 0, 0, 0, 0, 0, 0),
('Facebook', '2025-01-25', 'A Bank - Conversions - Credit Cards', 'Performance', 'Conversions', 'UK - 30-55 - Retargeting Website Visitors', 'Video - Cashback Explained', 'Facebook_Video_Feed', 'CREDIT', '20s', 20000, 600, 210.00, 550, 580, 11000, 12000, 8000, 5000, 3000, 1500),
('Instagram', '2025-01-26', 'A Bank - Brand Awareness - Savings', 'Brand', 'Brand Awareness', 'UK - 18-35 - Lookalike Audience', 'Story Ad - New ISA Rate', 'Instagram_Stories', 'CREDIT', '15s', 56000, 260, 185.00, 0, 210, 36000, 39000, 26000, 16000, 8500, 4200),
('Facebook', '2025-01-27', 'A Bank - Lead Gen - Business Loans', 'Performance', 'Lead Generation', 'UK - Business Owners - 35-60', 'Lead Form - Business Loan Quote', 'Facebook_Desktop_Feed', 'CREDIT', 'N/A', 19000, 300, 160.25, 250, 280, 0, 0, 0, 0, 0, 0),
('Instagram', '2025-01-28', 'A Bank - Video Views - Brand Story', 'Brand', 'Video Views', 'UK - All - Broad Targeting', 'Video - Our Commitment to Customers', 'Instagram_Feed', 'CREDIT', '60s', 82000, 310, 255.50, 60, 110, 51000, 56000, 36000, 21000, 11000, 5500),
('Facebook', '2025-01-29', 'A Bank - Conversions - Credit Cards', 'Performance', 'Conversions', 'UK - 25-45 - Engaged Shoppers', 'Image Ad - 0% Purchases Offer', 'Facebook_Mobile_Feed', 'CREDIT', 'N/A', 16000, 460, 185.70, 410, 430, 0, 0, 0, 0, 0, 0),
('Instagram', '2025-01-30', 'A Bank - Traffic - App Downloads', 'Acquisition', 'Traffic', 'UK - 22-40 - Interested in Fintech', 'Image Ad - Download Our App', 'Instagram_Stories', 'CREDIT', 'N/A', 41000, 820, 225.00, 770, 800, 0, 0, 0, 0, 0, 0),
('Facebook', '2025-01-31', 'A Bank - Lead Gen - Mortgages Q1', 'Performance', 'Lead Generation', 'London - 30-50 - High Income', 'Lead Form - Remortgage Consultation', 'Facebook_Mobile_Feed', 'CREDIT', 'N/A', 23000, 360, 145.00, 310, 340, 0, 0, 0, 0, 0, 0),
('Instagram', '2025-02-01', 'A Bank - Brand Awareness - Savings', 'Brand', 'Brand Awareness', 'UK - 25-55 - Finance Interest', 'Video Ad - Plan Your Future', 'Instagram_Reels', 'CREDIT', '15s', 62000, 290, 195.00, 0, 230, 42000, 44000, 32000, 20000, 11000, 7000),
('Facebook', '2025-02-02', 'A Bank - Conversions - Credit Cards', 'Performance', 'Conversions', 'UK - 30-55 - Retargeting Website Visitors', 'Carousel - Card Benefits', 'Facebook_Desktop_Feed', 'CREDIT', 'N/A', 18500, 560, 205.80, 510, 530, 0, 0, 0, 0, 0, 0),
('Instagram', '2025-02-03', 'A Bank - Video Views - Brand Story', 'Brand', 'Video Views', 'UK - All - Broad Targeting', 'Video - Community Impact', 'Instagram_Feed', 'CREDIT', '45s', 75000, 280, 240.00, 40, 90, 48000, 52000, 33000, 18000, 9000, 4500),
('Facebook', '2025-02-04', 'A Bank - Lead Gen - Business Loans', 'Performance', 'Lead Generation', 'UK - Small Business Pages Admins', 'Video - SME Success Story', 'Facebook_Video_Feed', 'CREDIT', '45s', 21000, 320, 170.00, 270, 290, 10000, 11000, 7000, 4000, 2000, 1000),
('Instagram', '2025-02-05', 'A Bank - Traffic - App Downloads', 'Acquisition', 'Traffic', 'UK - 22-40 - Lookalike App Users', 'Carousel Ad - App Features', 'Instagram_Feed', 'CREDIT', 'N/A', 43000, 870, 235.00, 820, 850, 0, 0, 0, 0, 0, 0),
('Facebook', '2025-02-06', 'A Bank - Conversions - Credit Cards', 'Performance', 'Conversions', 'UK - 25-45 - Engaged Shoppers', 'Video - Cashback Explained', 'Facebook_Mobile_Feed', 'CREDIT', '20s', 21000, 620, 215.50, 570, 600, 12000, 13000, 9000, 6000, 3500, 1800),
('Instagram', '2025-02-07', 'A Bank - Brand Awareness - Savings', 'Brand', 'Brand Awareness', 'UK - 18-35 - Lookalike Audience', 'Story Ad - New ISA Rate', 'Instagram_Stories', 'CREDIT', '15s', 57000, 270, 188.20, 0, 220, 37000, 40000, 27000, 17000, 9000, 4500),
('Facebook', '2025-02-08', 'A Bank - Lead Gen - Mortgages Q1', 'Performance', 'Lead Generation', 'UK - 25-45 - Interested in Property', 'Lead Form - Mortgage Calculator', 'Facebook_Desktop_Feed', 'CREDIT', 'N/A', 27000, 430, 160.00, 380, 410, 0, 0, 0, 0, 0, 0),
('Instagram', '2025-02-09', 'A Bank - Traffic - App Downloads', 'Acquisition', 'Traffic', 'UK - 22-40 - Interested in Fintech', 'Image Ad - Download Our App', 'Instagram_Feed', 'CREDIT', 'N/A', 42500, 840, 228.80, 790, 820, 0, 0, 0, 0, 0, 0),
('Facebook', '2025-02-10', 'A Bank - Video Views - Brand Story', 'Brand', 'Video Views', 'UK - All - Broad Targeting', 'Video - Our Commitment to Customers', 'Facebook_Video_Feed', 'CREDIT', '60s', 85000, 320, 260.00, 70, 120, 53000, 58000, 38000, 23000, 12000, 6000),
('Instagram', '2025-02-11', 'A Bank - Conversions - Credit Cards', 'Performance', 'Conversions', 'UK - 30-55 - Retargeting Website Visitors', 'Image Ad - 0% Purchases Offer', 'Instagram_Feed', 'CREDIT', 'N/A', 19000, 580, 210.40, 530, 560, 0, 0, 0, 0, 0, 0),
('Facebook', '2025-02-12', 'A Bank - Brand Awareness - Savings', 'Brand', 'Brand Awareness', 'UK - 25-55 - Finance Interest', 'Carousel - Savings Options', 'Facebook_Mobile_Feed', 'CREDIT', 'N/A', 63000, 300, 200.00, 0, 240, 0, 0, 0, 0, 0, 0),
('Instagram', '2025-02-13', 'A Bank - Lead Gen - Business Loans', 'Performance', 'Lead Generation', 'UK - Business Owners - 35-60', 'Story Ad - Quick Business Finance', 'Instagram_Stories', 'CREDIT', '15s', 20000, 310, 165.90, 260, 280, 11000, 12500, 8000, 4000, 2000, 900),
('Facebook', '2025-02-14', 'A Bank - Traffic - App Downloads', 'Acquisition', 'Traffic', 'UK - 22-40 - Lookalike App Users', 'Video - App Demo', 'Facebook_Mobile_Feed', 'CREDIT', '25s', 44000, 880, 240.00, 830, 860, 25000, 28000, 18000, 12000, 7000, 3500),
('Instagram', '2025-02-15', 'A Bank - Conversions - Credit Cards', 'Performance', 'Conversions', 'UK - 25-45 - Engaged Shoppers', 'Video - Cashback Explained', 'Instagram_Reels', 'CREDIT', '20s', 22000, 640, 220.00, 590, 620, 14000, 15000, 10000, 7000, 4000, 2000),
('Facebook', '2025-02-16', 'A Bank - Lead Gen - Mortgages Q1', 'Performance', 'Lead Generation', 'London - 30-50 - High Income', 'Video - First-Time Buyer Guide', 'Facebook_Video_Feed', 'CREDIT', '30s', 24000, 370, 150.20, 320, 350, 12500, 13500, 8500, 4200, 2100, 1050),
('Instagram', '2025-02-17', 'A Bank - Brand Awareness - Savings', 'Brand', 'Brand Awareness', 'UK - 18-35 - Lookalike Audience', 'Video Ad - Plan Your Future', 'Instagram_Feed', 'CREDIT', '15s', 58000, 280, 192.00, 0, 230, 38000, 41000, 28000, 18000, 9500, 4800),
('Facebook', '2025-02-18', 'A Bank - Video Views - Brand Story', 'Brand', 'Video Views', 'UK - All - Broad Targeting', 'Video - Community Impact', 'Facebook_Video_Feed', 'CREDIT', '45s', 78000, 290, 245.80, 50, 100, 49000, 54000, 34000, 19000, 9500, 4800),
('Instagram', '2025-02-19', 'A Bank - Traffic - App Downloads', 'Acquisition', 'Traffic', 'UK - 22-40 - Interested in Fintech', 'Carousel Ad - App Features', 'Instagram_Feed', 'CREDIT', 'N/A', 43500, 860, 233.00, 810, 840, 0, 0, 0, 0, 0, 0),
('Facebook', '2025-02-20', 'A Bank - Conversions - Credit Cards', 'Performance', 'Conversions', 'UK - 30-55 - Retargeting Website Visitors', 'Carousel - Card Benefits', 'Facebook_Mobile_Feed', 'CREDIT', 'N/A', 19500, 590, 215.00, 540, 570, 0, 0, 0, 0, 0, 0),
('Instagram', '2025-02-21', 'A Bank - Lead Gen - Business Loans', 'Performance', 'Lead Generation', 'UK - Small Business Pages Admins', 'Image Ad - Get Funding', 'Instagram_Feed', 'CREDIT', 'N/A', 22000, 330, 175.40, 280, 300, 0, 0, 0, 0, 0, 0),
('Facebook', '2025-02-22', 'A Bank - Brand Awareness - Savings', 'Brand', 'Brand Awareness', 'UK - 25-55 - Finance Interest', 'Video Ad - Plan Your Future', 'Facebook_Video_Feed', 'CREDIT', '15s', 65000, 310, 205.60, 0, 250, 43000, 45000, 33000, 21000, 12000, 8000),
('Instagram', '2025-02-23', 'A Bank - Video Views - Brand Story', 'Brand', 'Video Views', 'UK - All - Broad Targeting', 'Video - Our Commitment to Customers', 'Instagram_Reels', 'CREDIT', '60s', 88000, 330, 265.00, 80, 130, 55000, 60000, 40000, 25000, 13000, 6500),
('Facebook', '2025-02-24', 'A Bank - Lead Gen - Mortgages Q1', 'Performance', 'Lead Generation', 'UK - 25-45 - Interested in Property', 'Lead Form - Mortgage Calculator', 'Facebook_Mobile_Feed', 'CREDIT', 'N/A', 28000, 440, 165.00, 390, 420, 0, 0, 0, 0, 0, 0),
('Instagram', '2025-02-25', 'A Bank - Conversions - Credit Cards', 'Performance', 'Conversions', 'UK - 25-45 - Engaged Shoppers', 'Image Ad - 0% Purchases Offer', 'Instagram_Stories', 'CREDIT', 'N/A', 23000, 660, 225.25, 610, 640, 0, 0, 0, 0, 0, 0),
('Facebook', '2025-02-26', 'A Bank - Traffic - App Downloads', 'Acquisition', 'Traffic', 'UK - 22-40 - Lookalike App Users', 'Image Ad - Download Our App', 'Facebook_Desktop_Feed', 'CREDIT', 'N/A', 45000, 900, 245.00, 850, 880, 0, 0, 0, 0, 0, 0),
('Instagram', '2025-02-27', 'A Bank - Brand Awareness - Savings', 'Brand', 'Brand Awareness', 'UK - 18-35 - Lookalike Audience', 'Carousel - Savings Options', 'Instagram_Feed', 'CREDIT', 'N/A', 59000, 290, 195.80, 0, 240, 0, 0, 0, 0, 0, 0),
('Facebook', '2025-02-28', 'A Bank - Conversions - Credit Cards', 'Performance', 'Conversions', 'UK - 30-55 - Retargeting Website Visitors', 'Video - Cashback Explained', 'Facebook_Video_Feed', 'CREDIT', '20s', 20500, 610, 218.00, 560, 590, 11500, 12500, 8500, 5500, 3200, 1600),
('Instagram', '2025-03-01', 'A Bank - Lead Gen - Mortgages Q1', 'Performance', 'Lead Generation', 'London - 30-50 - High Income', 'Story Ad - Get a Mortgage Quote', 'Instagram_Stories', 'CREDIT', '15s', 25000, 380, 155.00, 330, 360, 15000, 16000, 11000, 7000, 4000, 2000),
('Facebook', '2025-03-02', 'A Bank - Video Views - Brand Story', 'Brand', 'Video Views', 'UK - All - Broad Targeting', 'Video - Community Impact', 'Facebook_Video_Feed', 'CREDIT', '45s', 80000, 300, 250.00, 60, 110, 50000, 55000, 35000, 20000, 10000, 5000),
('Instagram', '2025-03-03', 'A Bank - Traffic - App Downloads', 'Acquisition', 'Traffic', 'UK - 22-40 - Interested in Fintech', 'Video - App Demo', 'Instagram_Reels', 'CREDIT', '25s', 46000, 920, 250.75, 870, 900, 28000, 30000, 20000, 14000, 8000, 4000),
('Facebook', '2025-03-04', 'A Bank - Brand Awareness - Savings', 'Brand', 'Brand Awareness', 'UK - 25-55 - Finance Interest', 'Image Ad - New ISA Rate', 'Facebook_Mobile_Feed', 'CREDIT', 'N/A', 66000, 320, 210.00, 0, 260, 0, 0, 0, 0, 0, 0);



INSERT INTO pr_coverage_tracker (client, date, campaign_release, research, creative, url, publication, sector, citation, followed_link, no_follow_link, domain_authority, estimated_views, tier, syndicated, brand, month, week) VALUES
('A Bank', '2025-01-20', 'Annual Savings Report 2025', 'UK National Savings Habits', 'Press Release', 'https://www.ft.com/content/a-bank-savings-report-2025', 'Financial Times', 'Finance', TRUE, FALSE, TRUE, 95, 250000, 'Tier 1', FALSE, 'A Bank', 1, 4),
('A Bank', '2025-01-21', 'Annual Savings Report 2025', 'UK National Savings Habits', 'Infographic', 'https://www.theguardian.com/money/2025/jan/21/uk-savings-rate-declines', 'The Guardian', 'Personal Finance', TRUE, TRUE, FALSE, 93, 300000, 'Tier 1', FALSE, 'A Bank', 1, 4),
('A Bank', '2025-01-22', 'First-Time Buyer Support Initiative', 'First-Time Buyer Challenges', 'Case Study', 'https://www.moneysavingexpert.com/news/2025/01/a-bank-launches-ftb-scheme/', 'MoneySavingExpert', 'Personal Finance', TRUE, TRUE, FALSE, 88, 500000, 'Tier 1', FALSE, 'A Bank', 1, 4),
('A Bank', '2025-01-23', 'Annual Savings Report 2025', 'UK National Savings Habits', 'Press Release', 'https://www.thisismoney.co.uk/money/saving/article-12345/a-bank-report.html', 'This is Money', 'Saving', TRUE, TRUE, FALSE, 85, 150000, 'Tier 2', TRUE, 'A Bank', 1, 4),
('A Bank', '2025-01-24', 'Charity Partnership Launch', 'Community Giving Program', 'Press Release', 'https://www.forbes.com/sites/startup/2025/01/24/a-bank-partners-with-nat-charity/', 'Forbes', 'Business', FALSE, FALSE, TRUE, 94, 180000, 'Tier 1', FALSE, 'A Bank', 1, 4),
('A Bank', '2025-01-25', 'Fintech App Update', 'Mobile Banking Trends', 'Feature Roundup', 'https://techcrunch.com/2025/01/25/a-bank-revamps-mobile-app/', 'TechCrunch', 'Technology', FALSE, TRUE, FALSE, 92, 120000, 'Tier 1', FALSE, 'A Bank', 1, 4),
('A Bank', '2025-01-28', 'First-Time Buyer Support Initiative', 'First-Time Buyer Challenges', 'Expert Opinion', 'https://www.lovemoney.com/news/101010/expert-view-on-a-bank-ftb-initiative', 'LoveMONEY', 'Property', TRUE, TRUE, FALSE, 75, 45000, 'Tier 2', FALSE, 'A Bank', 1, 5),
('A Bank', '2025-02-01', 'Annual Savings Report 2025', 'UK National Savings Habits', 'Data Point', 'https://www.cityam.com/londoners-savings-habits-revealed-by-a-bank/', 'City A.M.', 'Finance', TRUE, FALSE, TRUE, 82, 60000, 'Tier 2', FALSE, 'A Bank', 2, 5),
('A Bank', '2025-02-03', 'New Business Loan Product', 'SME Funding Gap', 'Product Launch', 'https://www.business-live.co.uk/enterprise/a-bank-targets-smes-with-new-loan-234567', 'Business Live', 'Business', TRUE, TRUE, FALSE, 78, 40000, 'Tier 3', FALSE, 'A Bank', 2, 6),
('A Bank', '2025-02-05', 'Charity Partnership Launch', 'Community Giving Program', 'Interview', 'https://www.thirdsector.co.uk/a-bank-ceo-discusses-new-charity-partnership/article/176543', 'Third Sector', 'Charity', TRUE, FALSE, TRUE, 71, 15000, 'Tier 3', FALSE, 'A Bank', 2, 6),
('A Bank', '2025-02-08', 'First-Time Buyer Support Initiative', 'First-Time Buyer Challenges', 'Case Study', 'https://www.which.co.uk/news/2025/02/could-a-banks-new-mortgage-help-you/', 'Which?', 'Personal Finance', TRUE, TRUE, FALSE, 89, 220000, 'Tier 1', FALSE, 'A Bank', 2, 6),
('A Bank', '2025-02-10', 'Annual Savings Report 2025', 'UK National Savings Habits', 'Press Release', 'https://finance.yahoo.com/news/a-bank-report-shows-shift-110000567.html', 'Yahoo Finance', 'Finance', TRUE, FALSE, TRUE, 91, 400000, 'Tier 1', TRUE, 'A Bank', 2, 7),
('A Bank', '2025-02-12', 'Fintech App Update', 'Mobile Banking Trends', 'Review', 'https://www.finextra.com/newsarticle/39876/a-bank-upgrades-user-experience-on-app', 'Finextra', 'Banking Tech', TRUE, TRUE, FALSE, 80, 25000, 'Tier 2', FALSE, 'A Bank', 2, 7),
('A Bank', '2025-02-15', 'New Business Loan Product', 'SME Funding Gap', 'Press Release', 'https://smallbusiness.co.uk/a-bank-launches-new-flexible-business-loan-2561234/', 'SmallBusiness.co.uk', 'Business', TRUE, TRUE, FALSE, 77, 35000, 'Tier 3', FALSE, 'A Bank', 2, 7),
('A Bank', '2025-02-18', 'Charity Partnership Launch', 'Community Giving Program', 'News Snippet', 'https://www.civilsociety.co.uk/news/a-bank-announces-partnership-with-homeless-charity.html', 'Civil Society', 'Charity', FALSE, FALSE, TRUE, 68, 10000, 'Tier 3', FALSE, 'A Bank', 2, 8),
('A Bank', '2025-02-20', 'First-Time Buyer Support Initiative', 'First-Time Buyer Challenges', 'Infographic', 'https://www.propertyreporter.co.uk/finance/a-banks-latest-offering-for-ftbs.html', 'Property Reporter', 'Property', TRUE, TRUE, FALSE, 73, 20000, 'Tier 3', FALSE, 'A Bank', 2, 8),
('A Bank', '2025-02-22', 'Annual Savings Report 2025', 'UK National Savings Habits', 'Expert Comment', 'https://www.thetimes.co.uk/article/what-to-do-with-your-savings-in-2025-abcd123', 'The Times', 'Finance', TRUE, FALSE, TRUE, 94, 280000, 'Tier 1', FALSE, 'A Bank', 2, 8),
('A Bank', '2025-02-25', 'Fintech App Update', 'Mobile Banking Trends', 'Mention', 'https://www.wired.co.uk/article/best-banking-apps-2025', 'Wired UK', 'Technology', FALSE, FALSE, TRUE, 90, 90000, 'Tier 1', FALSE, 'A Bank', 2, 9),
('A Bank', '2025-02-28', 'New Business Loan Product', 'SME Funding Gap', 'Article', 'https://www.startupbritain.org/news/new-funding-options-from-a-bank', 'StartUp Britain', 'Business', TRUE, TRUE, FALSE, 65, 12000, 'Tier 3', FALSE, 'A Bank', 2, 9),
('A Bank', '2025-03-01', 'Charity Partnership Launch', 'Community Giving Program', 'Press Release', 'https://www.ukfundraising.co.uk/2025/03/01/a-bank-and-youth-charity-partner-up/', 'UK Fundraising', 'Charity', TRUE, TRUE, FALSE, 69, 8000, 'Tier 3', FALSE, 'A Bank', 3, 9),
('A Bank', '2025-03-02', 'Annual Savings Report 2025', 'UK National Savings Habits', 'Press Release', 'https://www.reuters.com/article/idUSKBN2A91A9', 'Reuters', 'Finance', TRUE, FALSE, TRUE, 95, 350000, 'Tier 1', TRUE, 'A Bank', 3, 9),
('A Bank', '2025-03-03', 'First-Time Buyer Support Initiative', 'First-Time Buyer Challenges', 'Guide', 'https://www.whatmortgage.co.uk/feature/a-bank-explains-their-new-ftb-mortgage/', 'What Mortgage', 'Property', TRUE, TRUE, FALSE, 72, 18000, 'Tier 3', FALSE, 'A Bank', 3, 10),
('A Bank', '2025-03-04', 'Fintech App Update', 'Mobile Banking Trends', 'News', 'https://www.bankingtech.com/2025/03/a-bank-rolls-out-ai-powered-budgeting-tool/', 'Banking Tech', 'Banking Tech', TRUE, FALSE, TRUE, 79, 22000, 'Tier 2', FALSE, 'A Bank', 3, 10),
('A Bank', '2025-03-05', 'New Business Loan Product', 'SME Funding Gap', 'Mention', 'https://www.growthbusiness.co.uk/where-to-get-funding-in-2025-2561235/', 'Growth Business', 'Business', FALSE, TRUE, FALSE, 74, 30000, 'Tier 3', FALSE, 'A Bank', 3, 10),
('A Bank', '2025-03-06', 'Annual Savings Report 2025', 'UK National Savings Habits', 'Data Feature', 'https://www.bloomberg.com/news/articles/2025-03-06/saving-puzzles-in-the-uk-a-bank-data', 'Bloomberg', 'Finance', TRUE, FALSE, TRUE, 95, 450000, 'Tier 1', FALSE, 'A Bank', 3, 10),
('A Bank', '2025-03-07', 'Charity Partnership Launch', 'Community Giving Program', 'Blog Post', 'https://www.charitytoday.co.uk/a-bank-pledges-support-for-local-communities/', 'Charity Today', 'Charity', TRUE, TRUE, FALSE, 64, 5000, 'Tier 3', FALSE, 'A Bank', 3, 10),
('A Bank', '2025-03-08', 'First-Time Buyer Support Initiative', 'First-Time Buyer Challenges', 'News', 'https://www.mortgagestrategy.co.uk/news/a-bank-unveils-new-ftb-product/', 'Mortgage Strategy', 'Property', TRUE, FALSE, TRUE, 76, 28000, 'Tier 2', FALSE, 'A Bank', 3, 10),
('A Bank', '2025-03-10', 'Fintech App Update', 'Mobile Banking Trends', 'Blog Post', 'https://www.thefintechtimes.com/a-bank-focuses-on-user-experience-in-latest-update/', 'The Fintech Times', 'Banking Tech', TRUE, TRUE, FALSE, 70, 15000, 'Tier 3', FALSE, 'A Bank', 3, 11),
('A Bank', '2025-03-11', 'New Business Loan Product', 'SME Funding Gap', 'News', 'https://www.prolificnorth.co.uk/news/manchester-smes-get-boost-from-a-bank-loan-product/', 'Prolific North', 'Regional Business', TRUE, TRUE, FALSE, 67, 9000, 'Tier 3', FALSE, 'A Bank', 3, 11),
('A Bank', '2025-03-12', 'Annual Savings Report 2025', 'UK National Savings Habits', 'Mention', 'https://www.dailymail.co.uk/money/index.html', 'Daily Mail Money', 'Personal Finance', FALSE, FALSE, TRUE, 92, 320000, 'Tier 1', TRUE, 'A Bank', 3, 11),
('A Bank', '2025-03-13', 'Charity Partnership Launch', 'Community Giving Program', 'News', 'https://www.business-charity.com/news/a-bank-and-eco-charity-join-forces', 'Business and Charity', 'Charity', TRUE, TRUE, FALSE, 62, 4000, 'Tier 3', FALSE, 'A Bank', 3, 11),
('A Bank', '2025-03-14', 'First-Time Buyer Support Initiative', 'First-Time Buyer Challenges', 'News', 'https://www.yourmoney.com/mortgages/a-bank-launches-new-deal-for-first-time-buyers/', 'YourMoney.com', 'Personal Finance', TRUE, TRUE, FALSE, 78, 80000, 'Tier 2', FALSE, 'A Bank', 3, 11),
('A Bank', '2025-03-15', 'Fintech App Update', 'Mobile Banking Trends', 'News', 'https://www.mobilemarketingmagazine.com/a-bank-sees-app-engagement-soar-after-update', 'Mobile Marketing Magazine', 'Technology', TRUE, FALSE, TRUE, 68, 11000, 'Tier 3', FALSE, 'A Bank', 3, 11),
('A Bank', '2025-03-16', 'New Business Loan Product', 'SME Funding Gap', 'News', 'https://bmmagazine.co.uk/news/a-bank-offers-lifeline-to-struggling-smes/', 'Business Matters', 'Business', TRUE, TRUE, FALSE, 71, 19000, 'Tier 3', FALSE, 'A Bank', 3, 11),
('A Bank', '2025-03-17', 'Annual Savings Report 2025', 'UK National Savings Habits', 'News', 'https://www.thesun.co.uk/money/1234567/how-your-savings-compare/', 'The Sun Money', 'Personal Finance', TRUE, FALSE, TRUE, 91, 290000, 'Tier 1', TRUE, 'A Bank', 3, 12),
('A Bank', '2025-03-18', 'Charity Partnership Launch', 'Community Giving Program', 'News', 'https://www.charitytimes.com/ct/a_bank_sponsors_youth_awards.php', 'Charity Times', 'Charity', TRUE, FALSE, TRUE, 66, 7000, 'Tier 3', FALSE, 'A Bank', 3, 12),
('A Bank', '2025-03-19', 'First-Time Buyer Support Initiative', 'First-Time Buyer Challenges', 'News', 'https://www.financialreporter.co.uk/mortgages/a-bank-enters-95-ltv-market.html', 'Financial Reporter', 'Property', TRUE, TRUE, FALSE, 70, 21000, 'Tier 3', FALSE, 'A Bank', 3, 12),
('A Bank', '2025-03-20', 'Fintech App Update', 'Mobile Banking Trends', 'News', 'https://www.paymentssource.com/news/a-bank-integrates-open-banking-features', 'PaymentsSource', 'Banking Tech', TRUE, FALSE, TRUE, 77, 17000, 'Tier 2', FALSE, 'A Bank', 3, 12),
('A Bank', '2025-03-21', 'New Business Loan Product', 'SME Funding Gap', 'News', 'https://www.thebusinessdesk.com/yorkshire/news/2025-03-21-a-bank-supports-local-biz', 'TheBusinessDesk', 'Regional Business', TRUE, TRUE, FALSE, 73, 13000, 'Tier 3', FALSE, 'A Bank', 3, 12),
('A Bank', '2025-03-22', 'Annual Savings Report 2025', 'UK National Savings Habits', 'News', 'https://www.express.co.uk/finance/personalfinance/12345/a-bank-savings-report', 'Daily Express Finance', 'Personal Finance', TRUE, FALSE, TRUE, 90, 260000, 'Tier 1', TRUE, 'A Bank', 3, 12),
('A Bank', '2025-03-23', 'Charity Partnership Launch', 'Community Giving Program', 'News', 'https://www.charitydigital.org.uk/news/a-bank-tech-for-good-partnership-789', 'Charity Digital', 'Charity', TRUE, TRUE, FALSE, 63, 6000, 'Tier 3', FALSE, 'A Bank', 3, 12),
('A Bank', '2025-03-24', 'First-Time Buyer Support Initiative', 'First-Time Buyer Challenges', 'News', 'https://www.introducertoday.co.uk/breaking-news/2025/3/a-bank-launches-new-ftb-exclusive', 'Introducer Today', 'Property', TRUE, TRUE, FALSE, 68, 9000, 'Tier 3', FALSE, 'A Bank', 3, 13),
('A Bank', '2025-03-25', 'Fintech App Update', 'Mobile Banking Trends', 'News', 'https://www.fintechfools.com/news/a-bank-app-review-2025', 'Fintech Finance News', 'Banking Tech', TRUE, TRUE, FALSE, 65, 8000, 'Tier 3', FALSE, 'A Bank', 3, 13),
('A Bank', '2025-03-26', 'New Business Loan Product', 'SME Funding Gap', 'News', 'https://www.businessleader.co.uk/a-bank-expands-sme-lending-portfolio/12345/', 'Business Leader', 'Business', TRUE, FALSE, TRUE, 72, 25000, 'Tier 3', FALSE, 'A Bank', 3, 13),
('A Bank', '2025-03-27', 'Annual Savings Report 2025', 'UK National Savings Habits', 'News', 'https://www.mirror.co.uk/money/personal-finance/a-bank-reveals-how-much-234567', 'Daily Mirror Money', 'Personal Finance', TRUE, FALSE, TRUE, 90, 270000, 'Tier 1', TRUE, 'A Bank', 3, 13),
('A Bank', '2025-03-28', 'Charity Partnership Launch', 'Community Giving Program', 'News', 'https://www.goodnewsnetwork.org/a-bank-funds-childrens-literacy-program/', 'Good News Network', 'Positive News', TRUE, TRUE, FALSE, 81, 100000, 'Tier 2', FALSE, 'A Bank', 3, 13),
('A Bank', '2025-03-29', 'First-Time Buyer Support Initiative', 'First-Time Buyer Challenges', 'News', 'https://www.showhouse.co.uk/news/a-bank-partners-with-developer-on-ftb-scheme/', 'Show House', 'Property', TRUE, TRUE, FALSE, 61, 4000, 'Tier 3', FALSE, 'A Bank', 3, 13),
('A Bank', '2025-03-30', 'Fintech App Update', 'Mobile Banking Trends', 'News', 'https://www.ibm.com/blogs/blockchain/2025/03/a-bank-future-of-banking/', 'IBM Blockchain Blog', 'Technology', FALSE, TRUE, FALSE, 93, 15000, 'Tier 2', FALSE, 'A Bank', 3, 13),
('A Bank', '2025-03-31', 'New Business Loan Product', 'SME Funding Gap', 'News', 'https://www.realbusiness.co.uk/a-bank-offers-new-line-of-credit-for-startups', 'Real Business', 'Business', TRUE, TRUE, FALSE, 75, 40000, 'Tier 2', FALSE, 'A Bank', 3, 14);
