CREATE DATABASE insurance_client;
\c insurance_client;

GRANT CONNECT ON DATABASE insurance_client TO readonly_user;
GRANT USAGE ON SCHEMA public TO readonly_user;
GRANT SELECT ON ALL TABLES IN SCHEMA public TO readonly_user;

CREATE TABLE google_ads_meta_blend (
    date DATE,
    campaign_group VARCHAR(255),
    adset VARCHAR(255),
    ad_budget DECIMAL(10, 2),
    impressions INTEGER,
    clicks INTEGER,
    orders INTEGER,
    gross_revenue DECIMAL(10, 2)
);


CREATE TABLE bing_ads (
    timeperiod DATE,
    campaignid BIGINT,
    campaignname VARCHAR(255),
    spend DECIMAL(10, 2),
    clicks INTEGER,
    impressions INTEGER,
    conversions INTEGER,
    revenue DECIMAL(10, 2),
    date_added TIMESTAMP WITH TIME ZONE DEFAULT CURRENT_TIMESTAMP
);

CREATE TABLE seo_ranking (
    profile VARCHAR(255),
    date DATE,
    keyword VARCHAR(255),
    website VARCHAR(255),
    url TEXT,
    position INTEGER,
    average_monthly_searches INTEGER
);

INSERT INTO google_ads_meta_blend (date, campaign_group, adset, ad_budget, impressions, clicks, orders, gross_revenue) VALUES
('2025-05-01', 'Car Insurance - Prospecting', 'UK - Drivers 25-45 - Interest Targeting', 500.00, 75000, 1500, 15, 4500.00),
('2025-05-01', 'Home Insurance - Brand', 'UK - Homeowners - Lookalike Audience', 400.00, 120000, 1200, 10, 2500.00),
('2025-05-02', 'Travel Insurance - Seasonal', 'Families - Summer Holiday Planners', 350.00, 90000, 1800, 45, 2250.00),
('2025-05-02', 'Pet Insurance - Acquisition', 'Dog & Cat Owners - 30+', 300.00, 65000, 1300, 25, 1000.00),
('2025-05-03', 'Car Insurance - Prospecting', 'London - Drivers 30-50 - Demographics', 550.00, 80000, 1600, 18, 5400.00),
('2025-05-03', 'Home Insurance - Brand', 'UK - Retargeting - Website Visitors 30d', 250.00, 50000, 1500, 12, 3000.00),
('2025-05-04', 'Travel Insurance - Seasonal', 'Europe Backpackers - 18-25', 400.00, 110000, 2200, 60, 3000.00),
('2025-05-04', 'Pet Insurance - Acquisition', 'Vets & Pet Food - Interest', 320.00, 70000, 1400, 28, 1120.00),
('2025-05-05', 'Car Insurance - Prospecting', 'UK - Drivers 25-45 - Interest Targeting', 510.00, 76000, 1550, 16, 4800.00),
('2025-05-05', 'Home Insurance - Brand', 'UK - Homeowners - Lookalike Audience', 410.00, 122000, 1250, 11, 2750.00),
('2025-05-06', 'Travel Insurance - Seasonal', 'Families - Summer Holiday Planners', 360.00, 92000, 1850, 48, 2400.00),
('2025-05-06', 'Pet Insurance - Acquisition', 'Dog & Cat Owners - 30+', 310.00, 67000, 1350, 26, 1040.00),
('2025-05-07', 'Car Insurance - Prospecting', 'London - Drivers 30-50 - Demographics', 560.00, 82000, 1650, 20, 6000.00),
('2025-05-07', 'Home Insurance - Brand', 'UK - Retargeting - Website Visitors 30d', 260.00, 52000, 1550, 14, 3500.00),
('2025-05-08', 'Travel Insurance - Seasonal', 'Europe Backpackers - 18-25', 415.00, 115000, 2300, 65, 3250.00),
('2025-05-08', 'Pet Insurance - Acquisition', 'Vets & Pet Food - Interest', 330.00, 72000, 1450, 30, 1200.00),
('2025-05-09', 'Car Insurance - Prospecting', 'UK - Young Drivers 17-24', 600.00, 95000, 2500, 22, 8800.00),
('2025-05-09', 'Home Insurance - Brand', 'High Net Worth - Postcodes', 450.00, 100000, 1000, 8, 3200.00),
('2025-05-10', 'Travel Insurance - Seasonal', 'Skiing & Snowboarding Interest', 450.00, 95000, 1900, 50, 4000.00),
('2025-05-10', 'Pet Insurance - Acquisition', 'Exotic Pet Owners - Niche', 250.00, 40000, 800, 15, 900.00),
('2025-05-11', 'Car Insurance - Prospecting', 'UK - Young Drivers 17-24', 610.00, 97000, 2550, 24, 9600.00),
('2025-05-11', 'Home Insurance - Brand', 'High Net Worth - Postcodes', 460.00, 102000, 1020, 9, 3600.00),
('2025-05-12', 'Travel Insurance - Seasonal', 'Skiing & Snowboarding Interest', 455.00, 96000, 1920, 52, 4160.00),
('2025-05-12', 'Pet Insurance - Acquisition', 'Exotic Pet Owners - Niche', 255.00, 41000, 820, 16, 960.00),
('2025-05-13', 'Car Insurance - Prospecting', 'UK - Drivers 25-45 - Interest Targeting', 520.00, 78000, 1580, 17, 5100.00),
('2025-05-13', 'Home Insurance - Brand', 'UK - Homeowners - Lookalike Audience', 420.00, 124000, 1280, 12, 3000.00),
('2025-05-14', 'Travel Insurance - Seasonal', 'Business Travellers - Frequent Flyers', 300.00, 70000, 1400, 30, 3000.00),
('2025-05-14', 'Pet Insurance - Acquisition', 'Dog & Cat Owners - 30+', 315.00, 68000, 1370, 27, 1080.00),
('2025-05-15', 'Car Insurance - Prospecting', 'London - Drivers 30-50 - Demographics', 570.00, 84000, 1680, 21, 6300.00),
('2025-05-15', 'Home Insurance - Brand', 'UK - Retargeting - Website Visitors 30d', 270.00, 54000, 1600, 15, 3750.00),
('2025-05-16', 'Travel Insurance - Seasonal', 'Business Travellers - Frequent Flyers', 305.00, 71000, 1420, 31, 3100.00),
('2025-05-16', 'Pet Insurance - Acquisition', 'Vets & Pet Food - Interest', 335.00, 73000, 1470, 31, 1240.00),
('2025-05-17', 'Car Insurance - Prospecting', 'UK - Young Drivers 17-24', 620.00, 98000, 2600, 25, 10000.00),
('2025-05-17', 'Home Insurance - Brand', 'High Net Worth - Postcodes', 470.00, 104000, 1040, 10, 4000.00),
('2025-05-18', 'Travel Insurance - Seasonal', 'Cruise Holiday Planners', 380.00, 85000, 1700, 40, 2800.00),
('2025-05-18', 'Pet Insurance - Acquisition', 'Exotic Pet Owners - Niche', 260.00, 42000, 840, 17, 1020.00),
('2025-05-19', 'Car Insurance - Prospecting', 'UK - Drivers 25-45 - Interest Targeting', 530.00, 79000, 1600, 18, 5400.00),
('2025-05-19', 'Home Insurance - Brand', 'UK - Homeowners - Lookalike Audience', 430.00, 126000, 1300, 13, 3250.00),
('2025-05-20', 'Travel Insurance - Seasonal', 'Cruise Holiday Planners', 385.00, 86000, 1720, 41, 2870.00),
('2025-05-20', 'Pet Insurance - Acquisition', 'Dog & Cat Owners - 30+', 325.00, 69000, 1390, 28, 1120.00),
('2025-05-21', 'Car Insurance - Prospecting', 'London - Drivers 30-50 - Demographics', 580.00, 86000, 1720, 22, 6600.00),
('2025-05-21', 'Home Insurance - Brand', 'UK - Retargeting - Website Visitors 30d', 280.00, 56000, 1650, 16, 4000.00),
('2025-05-22', 'Travel Insurance - Seasonal', 'Families - Summer Holiday Planners', 370.00, 94000, 1880, 49, 2450.00),
('2025-05-22', 'Pet Insurance - Acquisition', 'Vets & Pet Food - Interest', 340.00, 74000, 1500, 32, 1280.00),
('2025-05-23', 'Car Insurance - Prospecting', 'UK - Young Drivers 17-24', 630.00, 100000, 2700, 26, 10400.00),
('2025-05-23', 'Home Insurance - Brand', 'High Net Worth - Postcodes', 480.00, 106000, 1060, 11, 4400.00),
('2025-05-24', 'Travel Insurance - Seasonal', 'Europe Backpackers - 18-25', 420.00, 118000, 2350, 68, 3400.00),
('2025-05-24', 'Pet Insurance - Acquisition', 'Exotic Pet Owners - Niche', 265.00, 43000, 860, 18, 1080.00),
('2025-05-25', 'Car Insurance - Prospecting', 'UK - Drivers 25-45 - Interest Targeting', 540.00, 81000, 1620, 19, 5700.00),
('2025-05-25', 'Home Insurance - Brand', 'UK - Homeowners - Lookalike Audience', 440.00, 128000, 1320, 14, 3500.00);

INSERT INTO bing_ads (timeperiod, campaignid, campaignname, spend, clicks, impressions, conversions, revenue) VALUES
('2025-05-01', 1234567801, 'I4U - Car Insurance - Exact', 150.25, 450, 30000, 8, 2400.00),
('2025-05-02', 1234567802, 'I4U - Home & Contents - Broad', 120.50, 350, 45000, 6, 1500.00),
('2025-05-03', 1234567803, 'I4U - Travel Insurance - UK', 80.75, 500, 40000, 20, 1000.00),
('2025-05-04', 1234567804, 'I4U - Pet Insurance - Brand', 70.00, 600, 55000, 18, 720.00),
('2025-05-05', 1234567805, 'I4U - Car Insurance - Competitor', 200.00, 550, 35000, 10, 3000.00),
('2025-05-06', 1234567801, 'I4U - Car Insurance - Exact', 155.00, 460, 31000, 9, 2700.00),
('2025-05-07', 1234567802, 'I4U - Home & Contents - Broad', 125.20, 360, 46000, 7, 1750.00),
('2025-05-08', 1234567803, 'I4U - Travel Insurance - UK', 85.30, 510, 41000, 22, 1100.00),
('2025-05-09', 1234567804, 'I4U - Pet Insurance - Brand', 72.50, 620, 56000, 20, 800.00),
('2025-05-10', 1234567805, 'I4U - Car Insurance - Competitor', 205.80, 560, 36000, 11, 3300.00),
('2025-05-11', 1234567806, 'I4U - Van Insurance - Phrase', 90.00, 200, 15000, 5, 2000.00),
('2025-05-12', 1234567807, 'I4U - Landlord Insurance - Exact', 110.40, 250, 18000, 4, 1600.00),
('2025-05-13', 1234567808, 'I4U - Multi-Car Discount - Brand', 130.00, 700, 60000, 15, 5250.00),
('2025-05-14', 1234567801, 'I4U - Car Insurance - Exact', 160.75, 470, 32000, 10, 3000.00),
('2025-05-15', 1234567802, 'I4U - Home & Contents - Broad', 130.00, 370, 47000, 8, 2000.00),
('2025-05-16', 1234567803, 'I4U - Travel Insurance - UK', 90.00, 520, 42000, 24, 1200.00),
('2025-05-17', 1234567804, 'I4U - Pet Insurance - Brand', 75.80, 630, 57000, 21, 840.00),
('2025-05-18', 1234567805, 'I4U - Car Insurance - Competitor', 210.20, 570, 37000, 12, 3600.00),
('2025-05-19', 1234567806, 'I4U - Van Insurance - Phrase', 95.50, 210, 16000, 6, 2400.00),
('2025-05-20', 1234567807, 'I4U - Landlord Insurance - Exact', 115.00, 260, 19000, 5, 2000.00),
('2025-05-21', 1234567808, 'I4U - Multi-Car Discount - Brand', 135.60, 710, 61000, 16, 5600.00),
('2025-05-22', 1234567801, 'I4U - Car Insurance - Exact', 165.00, 480, 33000, 11, 3300.00),
('2025-05-23', 1234567802, 'I4U - Home & Contents - Broad', 135.25, 380, 48000, 9, 2250.00),
('2025-05-24', 1234567803, 'I4U - Travel Insurance - UK', 95.00, 530, 43000, 25, 1250.00),
('2025-05-25', 1234567804, 'I4U - Pet Insurance - Brand', 78.30, 640, 58000, 22, 880.00),
('2025-05-26', 1234567805, 'I4U - Car Insurance - Competitor', 215.00, 580, 38000, 13, 3900.00),
('2025-05-27', 1234567806, 'I4U - Van Insurance - Phrase', 100.80, 220, 17000, 7, 2800.00),
('2025-05-28', 1234567807, 'I4U - Landlord Insurance - Exact', 120.90, 270, 20000, 6, 2400.00),
('2025-05-29', 1234567808, 'I4U - Multi-Car Discount - Brand', 140.00, 720, 62000, 17, 5950.00),
('2025-05-30', 1234567801, 'I4U - Car Insurance - Exact', 170.50, 490, 34000, 12, 3600.00),
('2025-05-31', 1234567802, 'I4U - Home & Contents - Broad', 140.00, 390, 49000, 10, 2500.00),
('2025-06-01', 1234567803, 'I4U - Travel Insurance - UK', 100.00, 540, 44000, 26, 1300.00),
('2025-06-02', 1234567804, 'I4U - Pet Insurance - Brand', 80.00, 650, 59000, 23, 920.00),
('2025-06-03', 1234567805, 'I4U - Car Insurance - Competitor', 220.75, 590, 39000, 14, 4200.00),
('2025-06-04', 1234567806, 'I4U - Van Insurance - Phrase', 105.00, 230, 18000, 8, 3200.00),
('2025-06-05', 1234567807, 'I4U - Landlord Insurance - Exact', 125.00, 280, 21000, 7, 2800.00),
('2025-06-06', 1234567808, 'I4U - Multi-Car Discount - Brand', 145.20, 730, 63000, 18, 6300.00),
('2025-06-07', 1234567801, 'I4U - Car Insurance - Exact', 175.00, 500, 35000, 13, 3900.00),
('2025-06-08', 1234567802, 'I4U - Home & Contents - Broad', 145.80, 400, 50000, 11, 2750.00),
('2025-06-09', 1234567803, 'I4U - Travel Insurance - UK', 105.50, 550, 45000, 28, 1400.00),
('2025-06-10', 1234567804, 'I4U - Pet Insurance - Brand', 82.70, 660, 60000, 24, 960.00),
('2025-06-11', 1234567805, 'I4U - Car Insurance - Competitor', 225.00, 600, 40000, 15, 4500.00),
('2025-06-12', 1234567806, 'I4U - Van Insurance - Phrase', 110.00, 240, 19000, 9, 3600.00),
('2025-06-13', 1234567807, 'I4U - Landlord Insurance - Exact', 130.25, 290, 22000, 8, 3200.00),
('2025-06-14', 1234567808, 'I4U - Multi-Car Discount - Brand', 150.00, 740, 64000, 19, 6650.00),
('2025-06-15', 1234567801, 'I4U - Car Insurance - Exact', 180.00, 510, 36000, 14, 4200.00),
('2025-06-16', 1234567802, 'I4U - Home & Contents - Broad', 150.40, 410, 51000, 12, 3000.00),
('2025-06-17', 1234567803, 'I4U - Travel Insurance - UK', 110.00, 560, 46000, 30, 1500.00),
('2025-06-18', 1234567804, 'I4U - Pet Insurance - Brand', 85.00, 670, 61000, 25, 1000.00);

INSERT INTO seo_ranking (profile, date, keyword, website, url, position, average_monthly_searches) VALUES
('Insurance4You', '2025-05-01', 'car insurance quote', 'insurance4you.co.uk', '/car-insurance/quote', 5, 250000),
('Insurance4You', '2025-05-01', 'home insurance', 'insurance4you.co.uk', '/home-insurance/', 8, 180000),
('Insurance4You', '2025-05-01', 'cheap travel insurance', 'insurance4you.co.uk', '/travel-insurance/', 12, 90000),
('Insurance4You', '2025-05-01', 'pet insurance for dogs', 'insurance4you.co.uk', '/pet-insurance/', 6, 75000),
('Insurance4You', '2025-05-02', 'car insurance quote', 'insurance4you.co.uk', '/car-insurance/quote', 4, 250000),
('Insurance4You', '2025-05-02', 'home insurance', 'insurance4you.co.uk', '/home-insurance/', 9, 180000),
('Insurance4You', '2025-05-02', 'multi car insurance', 'insurance4you.co.uk', '/car-insurance/multi-car', 15, 60000),
('Insurance4You', '2025-05-03', 'car insurance quote', 'insurance4you.co.uk', '/car-insurance/quote', 4, 250000),
('Insurance4You', '2025-05-03', 'home insurance', 'insurance4you.co.uk', '/home-insurance/', 8, 180000),
('Insurance4You', '2025-05-03', 'cheap travel insurance', 'insurance4you.co.uk', '/travel-insurance/', 11, 90000),
('Insurance4You', '2025-05-04', 'pet insurance for dogs', 'insurance4you.co.uk', '/pet-insurance/', 7, 75000),
('Insurance4You', '2025-05-04', 'multi car insurance', 'insurance4you.co.uk', '/car-insurance/multi-car', 14, 60000),
('Insurance4You', '2025-05-05', 'car insurance quote', 'insurance4you.co.uk', '/car-insurance/quote', 5, 250000),
('Insurance4You', '2025-05-05', 'home insurance', 'insurance4you.co.uk', '/home-insurance/', 9, 180000),
('Insurance4You', '2025-05-05', 'cheap travel insurance', 'insurance4you.co.uk', '/travel-insurance/', 12, 90000),
('Insurance4You', '2025-05-06', 'pet insurance for dogs', 'insurance4you.co.uk', '/pet-insurance/', 6, 75000),
('Insurance4You', '2025-05-06', 'car insurance quote', 'insurance4you.co.uk', '/car-insurance/quote', 5, 250000),
('Insurance4You', '2025-05-07', 'home insurance', 'insurance4you.co.uk', '/home-insurance/', 8, 180000),
('Insurance4You', '2025-05-07', 'multi car insurance', 'insurance4you.co.uk', '/car-insurance/multi-car', 13, 60000),
('Insurance4You', '2025-05-08', 'car insurance quote', 'insurance4you.co.uk', '/car-insurance/quote', 4, 250000),
('Insurance4You', '2025-05-08', 'cheap travel insurance', 'insurance4you.co.uk', '/travel-insurance/', 10, 90000),
('Insurance4You', '2025-05-09', 'pet insurance for dogs', 'insurance4you.co.uk', '/pet-insurance/', 5, 75000),
('Insurance4You', '2025-05-09', 'home insurance', 'insurance4you.co.uk', '/home-insurance/', 7, 180000),
('Insurance4You', '2025-05-10', 'car insurance quote', 'insurance4you.co.uk', '/car-insurance/quote', 3, 250000),
('Insurance4You', '2025-05-10', 'multi car insurance', 'insurance4you.co.uk', '/car-insurance/multi-car', 12, 60000),
('Insurance4You', '2025-05-11', 'cheap travel insurance', 'insurance4you.co.uk', '/travel-insurance/', 9, 90000),
('Insurance4You', '2025-05-11', 'pet insurance for dogs', 'insurance4you.co.uk', '/pet-insurance/', 5, 75000),
('Insurance4You', '2025-05-12', 'car insurance quote', 'insurance4you.co.uk', '/car-insurance/quote', 3, 250000),
('Insurance4You', '2025-05-12', 'home insurance', 'insurance4you.co.uk', '/home-insurance/', 7, 180000),
('Insurance4You', '2025-05-13', 'multi car insurance', 'insurance4you.co.uk', '/car-insurance/multi-car', 11, 60000),
('Insurance4You', '2025-05-13', 'cheap travel insurance', 'insurance4you.co.uk', '/travel-insurance/', 9, 90000),
('Insurance4You', '2025-05-14', 'pet insurance for dogs', 'insurance4you.co.uk', '/pet-insurance/', 6, 75000),
('Insurance4You', '2025-05-14', 'car insurance quote', 'insurance4you.co.uk', '/car-insurance/quote', 4, 250000),
('Insurance4You', '2025-05-15', 'home insurance', 'insurance4you.co.uk', '/home-insurance/', 8, 180000),
('Insurance4You', '2025-05-15', 'multi car insurance', 'insurance4you.co.uk', '/car-insurance/multi-car', 12, 60000),
('Insurance4You', '2025-05-16', 'cheap travel insurance', 'insurance4you.co.uk', '/travel-insurance/', 10, 90000),
('Insurance4You', '2025-05-16', 'pet insurance for dogs', 'insurance4you.co.uk', '/pet-insurance/', 6, 75000),
('Insurance4You', '2025-05-17', 'car insurance quote', 'insurance4you.co.uk', '/car-insurance/quote', 4, 250000),
('Insurance4You', '2025-05-17', 'home insurance', 'insurance4you.co.uk', '/home-insurance/', 8, 180000),
('Insurance4You', '2025-05-18', 'multi car insurance', 'insurance4you.co.uk', '/car-insurance/multi-car', 12, 60000),
('Insurance4You', '2025-05-18', 'cheap travel insurance', 'insurance4you.co.uk', '/travel-insurance/', 11, 90000),
('Insurance4You', '2025-05-19', 'pet insurance for dogs', 'insurance4you.co.uk', '/pet-insurance/', 7, 75000),
('Insurance4You', '2025-05-19', 'car insurance quote', 'insurance4you.co.uk', '/car-insurance/quote', 5, 250000),
('Insurance4You', '2025-05-20', 'home insurance', 'insurance4you.co.uk', '/home-insurance/', 9, 180000),
('Insurance4You', '2025-05-20', 'multi car insurance', 'insurance4you.co.uk', '/car-insurance/multi-car', 13, 60000),
('Insurance4You', '2025-05-21', 'cheap travel insurance', 'insurance4you.co.uk', '/travel-insurance/', 11, 90000),
('Insurance4You', '2025-05-21', 'pet insurance for dogs', 'insurance4you.co.uk', '/pet-insurance/', 6, 75000),
('Insurance4You', '2025-05-22', 'car insurance quote', 'insurance4you.co.uk', '/car-insurance/quote', 5, 250000),
('Insurance4You', '2025-05-22', 'home insurance', 'insurance4you.co.uk', '/home-insurance/', 8, 180000);
